Copyright 1986-2018 Xilinx, Inc. All Rights Reserved.
--------------------------------------------------------------------------------------------------
| Tool Version : Vivado v.2018.3 (win64) Build 2405991 Thu Dec  6 23:38:27 MST 2018
| Date         : Sat Aug 15 09:20:11 2026
| Host         : DESKTOP-9L351U0 running 64-bit major release  (build 9200)
| Command      : report_timing_summary -delay_type min_max -max_paths 10 -file timing_summary.rpt
| Design       : ps_wrapper
| Device       : 7z020-clg400
| Speed File   : -2  PRODUCTION 1.11 2014-09-11
--------------------------------------------------------------------------------------------------

Timing Summary Report

------------------------------------------------------------------------------------------------
| Timer Settings
| --------------
------------------------------------------------------------------------------------------------

  Enable Multi Corner Analysis               :  Yes
  Enable Pessimism Removal                   :  Yes
  Pessimism Removal Resolution               :  Nearest Common Node
  Enable Input Delay Default Clock           :  No
  Enable Preset / Clear Arcs                 :  No
  Disable Flight Delays                      :  No
  Ignore I/O Paths                           :  No
  Timing Early Launch at Borrowing Latches   :  false

  Corner  Analyze    Analyze    
  Name    Max Paths  Min Paths  
  ------  ---------  ---------  
  Slow    Yes        Yes        
  Fast    Yes        Yes        



check_timing report

Table of Contents
-----------------
1. checking no_clock
2. checking constant_clock
3. checking pulse_width_clock
4. checking unconstrained_internal_endpoints
5. checking no_input_delay
6. checking no_output_delay
7. checking multiple_clock
8. checking generated_clocks
9. checking loops
10. checking partial_input_delay
11. checking partial_output_delay
12. checking latch_loops

1. checking no_clock
--------------------
 There are 0 register/latch pins with no clock.


2. checking constant_clock
--------------------------
 There are 0 register/latch pins with constant_clock.


3. checking pulse_width_clock
-----------------------------
 There are 0 register/latch pins which need pulse_width check


4. checking unconstrained_internal_endpoints
--------------------------------------------
 There are 0 pins that are not constrained for maximum delay.

 There are 0 pins that are not constrained for maximum delay due to constant clock.


5. checking no_input_delay
--------------------------
 There are 3 input ports with no input delay specified. (HIGH)

 There are 0 input ports with no input delay but user has a false path constraint.


6. checking no_output_delay
---------------------------
 There are 3 ports with no output delay specified. (HIGH)

 There are 0 ports with no output delay but user has a false path constraint

 There are 0 ports with no output delay but with a timing clock defined on it or propagating through it


7. checking multiple_clock
--------------------------
 There are 0 register/latch pins with multiple clocks.


8. checking generated_clocks
----------------------------
 There are 0 generated clocks that are not connected to a clock source.


9. checking loops
-----------------
 There are 0 combinational loops in the design.


10. checking partial_input_delay
--------------------------------
 There are 0 input ports with partial input delay specified.


11. checking partial_output_delay
---------------------------------
 There are 0 ports with partial output delay specified.


12. checking latch_loops
------------------------
 There are 0 combinational latch loops in the design through latch input



------------------------------------------------------------------------------------------------
| Design Timing Summary
| ---------------------
------------------------------------------------------------------------------------------------

    WNS(ns)      TNS(ns)  TNS Failing Endpoints  TNS Total Endpoints      WHS(ns)      THS(ns)  THS Failing Endpoints  THS Total Endpoints     WPWS(ns)     TPWS(ns)  TPWS Failing Endpoints  TPWS Total Endpoints  
    -------      -------  ---------------------  -------------------      -------      -------  ---------------------  -------------------     --------     --------  ----------------------  --------------------  
     -1.570     -130.676                    178                24196        0.021        0.000                      0                24196        0.928        0.000                       0                  8538  


Timing constraints are not met.


------------------------------------------------------------------------------------------------
| Clock Summary
| -------------
------------------------------------------------------------------------------------------------

Clock       Waveform(ns)         Period(ns)      Frequency(MHz)
-----       ------------         ----------      --------------
clk_fpga_0  {0.000 5.000}        10.000          100.000         
clk_fs      {0.000 1.600}        3.200           312.500         
clk_fx      {0.000 1.429}        2.857           350.017         


------------------------------------------------------------------------------------------------
| Intra Clock Table
| -----------------
------------------------------------------------------------------------------------------------

Clock             WNS(ns)      TNS(ns)  TNS Failing Endpoints  TNS Total Endpoints      WHS(ns)      THS(ns)  THS Failing Endpoints  THS Total Endpoints     WPWS(ns)     TPWS(ns)  TPWS Failing Endpoints  TPWS Total Endpoints  
-----             -------      -------  ---------------------  -------------------      -------      -------  ---------------------  -------------------     --------     --------  ----------------------  --------------------  
clk_fpga_0          1.005        0.000                      0                22306        0.021        0.000                      0                22306        3.870        0.000                       0                  7751  
clk_fs             -1.570     -121.835                    171                 1505        0.113        0.000                      0                 1505        1.030        0.000                       0                   600  
clk_fx             -1.339       -8.841                      7                  379        0.121        0.000                      0                  379        0.928        0.000                       0                   187  


------------------------------------------------------------------------------------------------
| Inter Clock Table
| -----------------
------------------------------------------------------------------------------------------------

From Clock    To Clock          WNS(ns)      TNS(ns)  TNS Failing Endpoints  TNS Total Endpoints      WHS(ns)      THS(ns)  THS Failing Endpoints  THS Total Endpoints  
----------    --------          -------      -------  ---------------------  -------------------      -------      -------  ---------------------  -------------------  


------------------------------------------------------------------------------------------------
| Other Path Groups Table
| -----------------------
------------------------------------------------------------------------------------------------

Path Group         From Clock         To Clock               WNS(ns)      TNS(ns)  TNS Failing Endpoints  TNS Total Endpoints      WHS(ns)      THS(ns)  THS Failing Endpoints  THS Total Endpoints  
----------         ----------         --------               -------      -------  ---------------------  -------------------      -------      -------  ---------------------  -------------------  
**async_default**  clk_fpga_0         clk_fpga_0               5.102        0.000                      0                    6        0.556        0.000                      0                    6  


------------------------------------------------------------------------------------------------
| Timing Details
| --------------
------------------------------------------------------------------------------------------------


---------------------------------------------------------------------------------------------------
From Clock:  clk_fpga_0
  To Clock:  clk_fpga_0

Setup :            0  Failing Endpoints,  Worst Slack        1.005ns,  Total Violation        0.000ns
Hold  :            0  Failing Endpoints,  Worst Slack        0.021ns,  Total Violation        0.000ns
PW    :            0  Failing Endpoints,  Worst Slack        3.870ns,  Total Violation        0.000ns
---------------------------------------------------------------------------------------------------


Max Delay Paths
--------------------------------------------------------------------------------------
Slack (MET) :             1.005ns  (required time - arrival time)
  Source:                 ps_i/processing_system7_0/inst/PS7_i/MAXIGP0ACLK
                            (rising edge-triggered cell PS7 clocked by clk_fpga_0  {rise@0.000ns fall@5.000ns period=10.000ns})
  Destination:            ps_i/Counter_Sig_0/inst/Counter_Sig_v1_0_S_AXI_inst/slv_reg59_reg[21]/D
                            (rising edge-triggered cell FDRE clocked by clk_fpga_0  {rise@0.000ns fall@5.000ns period=10.000ns})
  Path Group:             clk_fpga_0
  Path Type:              Setup (Max at Slow Process Corner)
  Requirement:            10.000ns  (clk_fpga_0 rise@10.000ns - clk_fpga_0 rise@0.000ns)
  Data Path Delay:        8.632ns  (logic 1.127ns (13.056%)  route 7.505ns (86.944%))
  Logic Levels:           0  
  Clock Path Skew:        -0.170ns (DCD - SCD + CPR)
    Destination Clock Delay (DCD):    2.264ns = ( 12.264 - 10.000 ) 
    Source Clock Delay      (SCD):    2.542ns
    Clock Pessimism Removal (CPR):    0.109ns
  Clock Uncertainty:      0.154ns  ((TSJ^2 + TIJ^2)^1/2 + DJ) / 2 + PE
    Total System Jitter     (TSJ):    0.071ns
    Total Input Jitter      (TIJ):    0.300ns
    Discrete Jitter          (DJ):    0.000ns
    Phase Error              (PE):    0.000ns

    Location             Delay type                Incr(ns)  Path(ns)    Netlist Resource(s)
  -------------------------------------------------------------------    -------------------
                         (clock clk_fpga_0 rise edge)
                                                      0.000     0.000 r  
    PS7_X0Y0             PS7                          0.000     0.000 r  ps_i/processing_system7_0/inst/PS7_i/FCLKCLK[0]
                         net (fo=1, routed)           0.994     0.994    ps_i/processing_system7_0/inst/FCLK_CLK_unbuffered[0]
    BUFGCTRL_X0Y16       BUFG (Prop_bufg_I_O)         0.085     1.079 r  ps_i/processing_system7_0/inst/buffer_fclk_clk_0.FCLK_CLK_0_BUFG/O
                         net (fo=7752, routed)        1.463     2.542    ps_i/processing_system7_0/inst/M_AXI_GP0_ACLK
    PS7_X0Y0             PS7                                          r  ps_i/processing_system7_0/inst/PS7_i/MAXIGP0ACLK
  -------------------------------------------------------------------    -------------------
    PS7_X0Y0             PS7 (Prop_ps7_MAXIGP0ACLK_MAXIGP0WDATA[21])
                                                      1.127     3.669 r  ps_i/processing_system7_0/inst/PS7_i/MAXIGP0WDATA[21]
                         net (fo=104, routed)         7.505    11.174    ps_i/Counter_Sig_0/inst/Counter_Sig_v1_0_S_AXI_inst/s_axi_wdata[21]
    SLICE_X55Y60         FDRE                                         r  ps_i/Counter_Sig_0/inst/Counter_Sig_v1_0_S_AXI_inst/slv_reg59_reg[21]/D
  -------------------------------------------------------------------    -------------------

                         (clock clk_fpga_0 rise edge)
                                                     10.000    10.000 r  
    PS7_X0Y0             PS7                          0.000    10.000 r  ps_i/processing_system7_0/inst/PS7_i/FCLKCLK[0]
                         net (fo=1, routed)           0.905    10.906    ps_i/processing_system7_0/inst/FCLK_CLK_unbuffered[0]
    BUFGCTRL_X0Y16       BUFG (Prop_bufg_I_O)         0.077    10.983 r  ps_i/processing_system7_0/inst/buffer_fclk_clk_0.FCLK_CLK_0_BUFG/O
                         net (fo=7752, routed)        1.281    12.264    ps_i/Counter_Sig_0/inst/Counter_Sig_v1_0_S_AXI_inst/s_axi_aclk
    SLICE_X55Y60         FDRE                                         r  ps_i/Counter_Sig_0/inst/Counter_Sig_v1_0_S_AXI_inst/slv_reg59_reg[21]/C
                         clock pessimism              0.109    12.372    
                         clock uncertainty           -0.154    12.218    
    SLICE_X55Y60         FDRE (Setup_fdre_C_D)       -0.039    12.179    ps_i/Counter_Sig_0/inst/Counter_Sig_v1_0_S_AXI_inst/slv_reg59_reg[21]
  -------------------------------------------------------------------
                         required time                         12.179    
                         arrival time                         -11.174    
  -------------------------------------------------------------------
                         slack                                  1.005    

Slack (MET) :             1.033ns  (required time - arrival time)
  Source:                 ps_i/processing_system7_0/inst/PS7_i/MAXIGP0ACLK
                            (rising edge-triggered cell PS7 clocked by clk_fpga_0  {rise@0.000ns fall@5.000ns period=10.000ns})
  Destination:            ps_i/Counter_Sig_0/inst/Counter_Sig_v1_0_S_AXI_inst/slv_reg55_reg[21]/D
                            (rising edge-triggered cell FDRE clocked by clk_fpga_0  {rise@0.000ns fall@5.000ns period=10.000ns})
  Path Group:             clk_fpga_0
  Path Type:              Setup (Max at Slow Process Corner)
  Requirement:            10.000ns  (clk_fpga_0 rise@10.000ns - clk_fpga_0 rise@0.000ns)
  Data Path Delay:        8.544ns  (logic 1.127ns (13.190%)  route 7.417ns (86.810%))
  Logic Levels:           0  
  Clock Path Skew:        -0.227ns (DCD - SCD + CPR)
    Destination Clock Delay (DCD):    2.207ns = ( 12.207 - 10.000 ) 
    Source Clock Delay      (SCD):    2.542ns
    Clock Pessimism Removal (CPR):    0.109ns
  Clock Uncertainty:      0.154ns  ((TSJ^2 + TIJ^2)^1/2 + DJ) / 2 + PE
    Total System Jitter     (TSJ):    0.071ns
    Total Input Jitter      (TIJ):    0.300ns
    Discrete Jitter          (DJ):    0.000ns
    Phase Error              (PE):    0.000ns

    Location             Delay type                Incr(ns)  Path(ns)    Netlist Resource(s)
  -------------------------------------------------------------------    -------------------
                         (clock clk_fpga_0 rise edge)
                                                      0.000     0.000 r  
    PS7_X0Y0             PS7                          0.000     0.000 r  ps_i/processing_system7_0/inst/PS7_i/FCLKCLK[0]
                         net (fo=1, routed)           0.994     0.994    ps_i/processing_system7_0/inst/FCLK_CLK_unbuffered[0]
    BUFGCTRL_X0Y16       BUFG (Prop_bufg_I_O)         0.085     1.079 r  ps_i/processing_system7_0/inst/buffer_fclk_clk_0.FCLK_CLK_0_BUFG/O
                         net (fo=7752, routed)        1.463     2.542    ps_i/processing_system7_0/inst/M_AXI_GP0_ACLK
    PS7_X0Y0             PS7                                          r  ps_i/processing_system7_0/inst/PS7_i/MAXIGP0ACLK
  -------------------------------------------------------------------    -------------------
    PS7_X0Y0             PS7 (Prop_ps7_MAXIGP0ACLK_MAXIGP0WDATA[21])
                                                      1.127     3.669 r  ps_i/processing_system7_0/inst/PS7_i/MAXIGP0WDATA[21]
                         net (fo=104, routed)         7.417    11.086    ps_i/Counter_Sig_0/inst/Counter_Sig_v1_0_S_AXI_inst/s_axi_wdata[21]
    SLICE_X53Y59         FDRE                                         r  ps_i/Counter_Sig_0/inst/Counter_Sig_v1_0_S_AXI_inst/slv_reg55_reg[21]/D
  -------------------------------------------------------------------    -------------------

                         (clock clk_fpga_0 rise edge)
                                                     10.000    10.000 r  
    PS7_X0Y0             PS7                          0.000    10.000 r  ps_i/processing_system7_0/inst/PS7_i/FCLKCLK[0]
                         net (fo=1, routed)           0.905    10.906    ps_i/processing_system7_0/inst/FCLK_CLK_unbuffered[0]
    BUFGCTRL_X0Y16       BUFG (Prop_bufg_I_O)         0.077    10.983 r  ps_i/processing_system7_0/inst/buffer_fclk_clk_0.FCLK_CLK_0_BUFG/O
                         net (fo=7752, routed)        1.224    12.207    ps_i/Counter_Sig_0/inst/Counter_Sig_v1_0_S_AXI_inst/s_axi_aclk
    SLICE_X53Y59         FDRE                                         r  ps_i/Counter_Sig_0/inst/Counter_Sig_v1_0_S_AXI_inst/slv_reg55_reg[21]/C
                         clock pessimism              0.109    12.315    
                         clock uncertainty           -0.154    12.161    
    SLICE_X53Y59         FDRE (Setup_fdre_C_D)       -0.042    12.119    ps_i/Counter_Sig_0/inst/Counter_Sig_v1_0_S_AXI_inst/slv_reg55_reg[21]
  -------------------------------------------------------------------
                         required time                         12.119    
                         arrival time                         -11.086    
  -------------------------------------------------------------------
                         slack                                  1.033    

Slack (MET) :             1.249ns  (required time - arrival time)
  Source:                 ps_i/processing_system7_0/inst/PS7_i/MAXIGP0ACLK
                            (rising edge-triggered cell PS7 clocked by clk_fpga_0  {rise@0.000ns fall@5.000ns period=10.000ns})
  Destination:            ps_i/Counter_Core_0/inst/Counter_Core_v1_0_S_AXI_inst/reg_ctrl_reg[28]/D
                            (rising edge-triggered cell FDRE clocked by clk_fpga_0  {rise@0.000ns fall@5.000ns period=10.000ns})
  Path Group:             clk_fpga_0
  Path Type:              Setup (Max at Slow Process Corner)
  Requirement:            10.000ns  (clk_fpga_0 rise@10.000ns - clk_fpga_0 rise@0.000ns)
  Data Path Delay:        8.303ns  (logic 1.127ns (13.573%)  route 7.176ns (86.427%))
  Logic Levels:           0  
  Clock Path Skew:        -0.221ns (DCD - SCD + CPR)
    Destination Clock Delay (DCD):    2.225ns = ( 12.225 - 10.000 ) 
    Source Clock Delay      (SCD):    2.542ns
    Clock Pessimism Removal (CPR):    0.097ns
  Clock Uncertainty:      0.154ns  ((TSJ^2 + TIJ^2)^1/2 + DJ) / 2 + PE
    Total System Jitter     (TSJ):    0.071ns
    Total Input Jitter      (TIJ):    0.300ns
    Discrete Jitter          (DJ):    0.000ns
    Phase Error              (PE):    0.000ns

    Location             Delay type                Incr(ns)  Path(ns)    Netlist Resource(s)
  -------------------------------------------------------------------    -------------------
                         (clock clk_fpga_0 rise edge)
                                                      0.000     0.000 r  
    PS7_X0Y0             PS7                          0.000     0.000 r  ps_i/processing_system7_0/inst/PS7_i/FCLKCLK[0]
                         net (fo=1, routed)           0.994     0.994    ps_i/processing_system7_0/inst/FCLK_CLK_unbuffered[0]
    BUFGCTRL_X0Y16       BUFG (Prop_bufg_I_O)         0.085     1.079 r  ps_i/processing_system7_0/inst/buffer_fclk_clk_0.FCLK_CLK_0_BUFG/O
                         net (fo=7752, routed)        1.463     2.542    ps_i/processing_system7_0/inst/M_AXI_GP0_ACLK
    PS7_X0Y0             PS7                                          r  ps_i/processing_system7_0/inst/PS7_i/MAXIGP0ACLK
  -------------------------------------------------------------------    -------------------
    PS7_X0Y0             PS7 (Prop_ps7_MAXIGP0ACLK_MAXIGP0WDATA[28])
                                                      1.127     3.669 r  ps_i/processing_system7_0/inst/PS7_i/MAXIGP0WDATA[28]
                         net (fo=103, routed)         7.176    10.845    ps_i/Counter_Core_0/inst/Counter_Core_v1_0_S_AXI_inst/s_axi_wdata[28]
    SLICE_X52Y44         FDRE                                         r  ps_i/Counter_Core_0/inst/Counter_Core_v1_0_S_AXI_inst/reg_ctrl_reg[28]/D
  -------------------------------------------------------------------    -------------------

                         (clock clk_fpga_0 rise edge)
                                                     10.000    10.000 r  
    PS7_X0Y0             PS7                          0.000    10.000 r  ps_i/processing_system7_0/inst/PS7_i/FCLKCLK[0]
                         net (fo=1, routed)           0.905    10.906    ps_i/processing_system7_0/inst/FCLK_CLK_unbuffered[0]
    BUFGCTRL_X0Y16       BUFG (Prop_bufg_I_O)         0.077    10.983 r  ps_i/processing_system7_0/inst/buffer_fclk_clk_0.FCLK_CLK_0_BUFG/O
                         net (fo=7752, routed)        1.243    12.225    ps_i/Counter_Core_0/inst/Counter_Core_v1_0_S_AXI_inst/s_axi_aclk
    SLICE_X52Y44         FDRE                                         r  ps_i/Counter_Core_0/inst/Counter_Core_v1_0_S_AXI_inst/reg_ctrl_reg[28]/C
                         clock pessimism              0.097    12.322    
                         clock uncertainty           -0.154    12.168    
    SLICE_X52Y44         FDRE (Setup_fdre_C_D)       -0.073    12.095    ps_i/Counter_Core_0/inst/Counter_Core_v1_0_S_AXI_inst/reg_ctrl_reg[28]
  -------------------------------------------------------------------
                         required time                         12.095    
                         arrival time                         -10.845    
  -------------------------------------------------------------------
                         slack                                  1.249    

Slack (MET) :             1.325ns  (required time - arrival time)
  Source:                 ps_i/processing_system7_0/inst/PS7_i/MAXIGP0ACLK
                            (rising edge-triggered cell PS7 clocked by clk_fpga_0  {rise@0.000ns fall@5.000ns period=10.000ns})
  Destination:            ps_i/Counter_Sig_0/inst/Counter_Sig_v1_0_S_AXI_inst/slv_reg54_reg[21]/D
                            (rising edge-triggered cell FDRE clocked by clk_fpga_0  {rise@0.000ns fall@5.000ns period=10.000ns})
  Path Group:             clk_fpga_0
  Path Type:              Setup (Max at Slow Process Corner)
  Requirement:            10.000ns  (clk_fpga_0 rise@10.000ns - clk_fpga_0 rise@0.000ns)
  Data Path Delay:        8.346ns  (logic 1.127ns (13.503%)  route 7.219ns (86.497%))
  Logic Levels:           0  
  Clock Path Skew:        -0.170ns (DCD - SCD + CPR)
    Destination Clock Delay (DCD):    2.264ns = ( 12.264 - 10.000 ) 
    Source Clock Delay      (SCD):    2.542ns
    Clock Pessimism Removal (CPR):    0.109ns
  Clock Uncertainty:      0.154ns  ((TSJ^2 + TIJ^2)^1/2 + DJ) / 2 + PE
    Total System Jitter     (TSJ):    0.071ns
    Total Input Jitter      (TIJ):    0.300ns
    Discrete Jitter          (DJ):    0.000ns
    Phase Error              (PE):    0.000ns

    Location             Delay type                Incr(ns)  Path(ns)    Netlist Resource(s)
  -------------------------------------------------------------------    -------------------
                         (clock clk_fpga_0 rise edge)
                                                      0.000     0.000 r  
    PS7_X0Y0             PS7                          0.000     0.000 r  ps_i/processing_system7_0/inst/PS7_i/FCLKCLK[0]
                         net (fo=1, routed)           0.994     0.994    ps_i/processing_system7_0/inst/FCLK_CLK_unbuffered[0]
    BUFGCTRL_X0Y16       BUFG (Prop_bufg_I_O)         0.085     1.079 r  ps_i/processing_system7_0/inst/buffer_fclk_clk_0.FCLK_CLK_0_BUFG/O
                         net (fo=7752, routed)        1.463     2.542    ps_i/processing_system7_0/inst/M_AXI_GP0_ACLK
    PS7_X0Y0             PS7                                          r  ps_i/processing_system7_0/inst/PS7_i/MAXIGP0ACLK
  -------------------------------------------------------------------    -------------------
    PS7_X0Y0             PS7 (Prop_ps7_MAXIGP0ACLK_MAXIGP0WDATA[21])
                                                      1.127     3.669 r  ps_i/processing_system7_0/inst/PS7_i/MAXIGP0WDATA[21]
                         net (fo=104, routed)         7.219    10.889    ps_i/Counter_Sig_0/inst/Counter_Sig_v1_0_S_AXI_inst/s_axi_wdata[21]
    SLICE_X54Y60         FDRE                                         r  ps_i/Counter_Sig_0/inst/Counter_Sig_v1_0_S_AXI_inst/slv_reg54_reg[21]/D
  -------------------------------------------------------------------    -------------------

                         (clock clk_fpga_0 rise edge)
                                                     10.000    10.000 r  
    PS7_X0Y0             PS7                          0.000    10.000 r  ps_i/processing_system7_0/inst/PS7_i/FCLKCLK[0]
                         net (fo=1, routed)           0.905    10.906    ps_i/processing_system7_0/inst/FCLK_CLK_unbuffered[0]
    BUFGCTRL_X0Y16       BUFG (Prop_bufg_I_O)         0.077    10.983 r  ps_i/processing_system7_0/inst/buffer_fclk_clk_0.FCLK_CLK_0_BUFG/O
                         net (fo=7752, routed)        1.281    12.264    ps_i/Counter_Sig_0/inst/Counter_Sig_v1_0_S_AXI_inst/s_axi_aclk
    SLICE_X54Y60         FDRE                                         r  ps_i/Counter_Sig_0/inst/Counter_Sig_v1_0_S_AXI_inst/slv_reg54_reg[21]/C
                         clock pessimism              0.109    12.372    
                         clock uncertainty           -0.154    12.218    
    SLICE_X54Y60         FDRE (Setup_fdre_C_D)       -0.004    12.214    ps_i/Counter_Sig_0/inst/Counter_Sig_v1_0_S_AXI_inst/slv_reg54_reg[21]
  -------------------------------------------------------------------
                         required time                         12.214    
                         arrival time                         -10.889    
  -------------------------------------------------------------------
                         slack                                  1.325    

Slack (MET) :             1.373ns  (required time - arrival time)
  Source:                 ps_i/processing_system7_0/inst/PS7_i/MAXIGP0ACLK
                            (rising edge-triggered cell PS7 clocked by clk_fpga_0  {rise@0.000ns fall@5.000ns period=10.000ns})
  Destination:            ps_i/Counter_Sig_0/inst/Counter_Sig_v1_0_S_AXI_inst/slv_reg62_reg[21]/D
                            (rising edge-triggered cell FDRE clocked by clk_fpga_0  {rise@0.000ns fall@5.000ns period=10.000ns})
  Path Group:             clk_fpga_0
  Path Type:              Setup (Max at Slow Process Corner)
  Requirement:            10.000ns  (clk_fpga_0 rise@10.000ns - clk_fpga_0 rise@0.000ns)
  Data Path Delay:        8.259ns  (logic 1.127ns (13.646%)  route 7.132ns (86.354%))
  Logic Levels:           0  
  Clock Path Skew:        -0.169ns (DCD - SCD + CPR)
    Destination Clock Delay (DCD):    2.265ns = ( 12.265 - 10.000 ) 
    Source Clock Delay      (SCD):    2.542ns
    Clock Pessimism Removal (CPR):    0.109ns
  Clock Uncertainty:      0.154ns  ((TSJ^2 + TIJ^2)^1/2 + DJ) / 2 + PE
    Total System Jitter     (TSJ):    0.071ns
    Total Input Jitter      (TIJ):    0.300ns
    Discrete Jitter          (DJ):    0.000ns
    Phase Error              (PE):    0.000ns

    Location             Delay type                Incr(ns)  Path(ns)    Netlist Resource(s)
  -------------------------------------------------------------------    -------------------
                         (clock clk_fpga_0 rise edge)
                                                      0.000     0.000 r  
    PS7_X0Y0             PS7                          0.000     0.000 r  ps_i/processing_system7_0/inst/PS7_i/FCLKCLK[0]
                         net (fo=1, routed)           0.994     0.994    ps_i/processing_system7_0/inst/FCLK_CLK_unbuffered[0]
    BUFGCTRL_X0Y16       BUFG (Prop_bufg_I_O)         0.085     1.079 r  ps_i/processing_system7_0/inst/buffer_fclk_clk_0.FCLK_CLK_0_BUFG/O
                         net (fo=7752, routed)        1.463     2.542    ps_i/processing_system7_0/inst/M_AXI_GP0_ACLK
    PS7_X0Y0             PS7                                          r  ps_i/processing_system7_0/inst/PS7_i/MAXIGP0ACLK
  -------------------------------------------------------------------    -------------------
    PS7_X0Y0             PS7 (Prop_ps7_MAXIGP0ACLK_MAXIGP0WDATA[21])
                                                      1.127     3.669 r  ps_i/processing_system7_0/inst/PS7_i/MAXIGP0WDATA[21]
                         net (fo=104, routed)         7.132    10.802    ps_i/Counter_Sig_0/inst/Counter_Sig_v1_0_S_AXI_inst/s_axi_wdata[21]
    SLICE_X56Y61         FDRE                                         r  ps_i/Counter_Sig_0/inst/Counter_Sig_v1_0_S_AXI_inst/slv_reg62_reg[21]/D
  -------------------------------------------------------------------    -------------------

                         (clock clk_fpga_0 rise edge)
                                                     10.000    10.000 r  
    PS7_X0Y0             PS7                          0.000    10.000 r  ps_i/processing_system7_0/inst/PS7_i/FCLKCLK[0]
                         net (fo=1, routed)           0.905    10.906    ps_i/processing_system7_0/inst/FCLK_CLK_unbuffered[0]
    BUFGCTRL_X0Y16       BUFG (Prop_bufg_I_O)         0.077    10.983 r  ps_i/processing_system7_0/inst/buffer_fclk_clk_0.FCLK_CLK_0_BUFG/O
                         net (fo=7752, routed)        1.282    12.265    ps_i/Counter_Sig_0/inst/Counter_Sig_v1_0_S_AXI_inst/s_axi_aclk
    SLICE_X56Y61         FDRE                                         r  ps_i/Counter_Sig_0/inst/Counter_Sig_v1_0_S_AXI_inst/slv_reg62_reg[21]/C
                         clock pessimism              0.109    12.373    
                         clock uncertainty           -0.154    12.219    
    SLICE_X56Y61         FDRE (Setup_fdre_C_D)       -0.044    12.175    ps_i/Counter_Sig_0/inst/Counter_Sig_v1_0_S_AXI_inst/slv_reg62_reg[21]
  -------------------------------------------------------------------
                         required time                         12.175    
                         arrival time                         -10.802    
  -------------------------------------------------------------------
                         slack                                  1.373    

Slack (MET) :             1.402ns  (required time - arrival time)
  Source:                 ps_i/processing_system7_0/inst/PS7_i/MAXIGP0ACLK
                            (rising edge-triggered cell PS7 clocked by clk_fpga_0  {rise@0.000ns fall@5.000ns period=10.000ns})
  Destination:            ps_i/Counter_Sig_0/inst/Counter_Sig_v1_0_S_AXI_inst/slv_reg61_reg[21]/D
                            (rising edge-triggered cell FDRE clocked by clk_fpga_0  {rise@0.000ns fall@5.000ns period=10.000ns})
  Path Group:             clk_fpga_0
  Path Type:              Setup (Max at Slow Process Corner)
  Requirement:            10.000ns  (clk_fpga_0 rise@10.000ns - clk_fpga_0 rise@0.000ns)
  Data Path Delay:        8.235ns  (logic 1.127ns (13.685%)  route 7.108ns (86.315%))
  Logic Levels:           0  
  Clock Path Skew:        -0.169ns (DCD - SCD + CPR)
    Destination Clock Delay (DCD):    2.265ns = ( 12.265 - 10.000 ) 
    Source Clock Delay      (SCD):    2.542ns
    Clock Pessimism Removal (CPR):    0.109ns
  Clock Uncertainty:      0.154ns  ((TSJ^2 + TIJ^2)^1/2 + DJ) / 2 + PE
    Total System Jitter     (TSJ):    0.071ns
    Total Input Jitter      (TIJ):    0.300ns
    Discrete Jitter          (DJ):    0.000ns
    Phase Error              (PE):    0.000ns

    Location             Delay type                Incr(ns)  Path(ns)    Netlist Resource(s)
  -------------------------------------------------------------------    -------------------
                         (clock clk_fpga_0 rise edge)
                                                      0.000     0.000 r  
    PS7_X0Y0             PS7                          0.000     0.000 r  ps_i/processing_system7_0/inst/PS7_i/FCLKCLK[0]
                         net (fo=1, routed)           0.994     0.994    ps_i/processing_system7_0/inst/FCLK_CLK_unbuffered[0]
    BUFGCTRL_X0Y16       BUFG (Prop_bufg_I_O)         0.085     1.079 r  ps_i/processing_system7_0/inst/buffer_fclk_clk_0.FCLK_CLK_0_BUFG/O
                         net (fo=7752, routed)        1.463     2.542    ps_i/processing_system7_0/inst/M_AXI_GP0_ACLK
    PS7_X0Y0             PS7                                          r  ps_i/processing_system7_0/inst/PS7_i/MAXIGP0ACLK
  -------------------------------------------------------------------    -------------------
    PS7_X0Y0             PS7 (Prop_ps7_MAXIGP0ACLK_MAXIGP0WDATA[21])
                                                      1.127     3.669 r  ps_i/processing_system7_0/inst/PS7_i/MAXIGP0WDATA[21]
                         net (fo=104, routed)         7.108    10.778    ps_i/Counter_Sig_0/inst/Counter_Sig_v1_0_S_AXI_inst/s_axi_wdata[21]
    SLICE_X55Y58         FDRE                                         r  ps_i/Counter_Sig_0/inst/Counter_Sig_v1_0_S_AXI_inst/slv_reg61_reg[21]/D
  -------------------------------------------------------------------    -------------------

                         (clock clk_fpga_0 rise edge)
                                                     10.000    10.000 r  
    PS7_X0Y0             PS7                          0.000    10.000 r  ps_i/processing_system7_0/inst/PS7_i/FCLKCLK[0]
                         net (fo=1, routed)           0.905    10.906    ps_i/processing_system7_0/inst/FCLK_CLK_unbuffered[0]
    BUFGCTRL_X0Y16       BUFG (Prop_bufg_I_O)         0.077    10.983 r  ps_i/processing_system7_0/inst/buffer_fclk_clk_0.FCLK_CLK_0_BUFG/O
                         net (fo=7752, routed)        1.282    12.265    ps_i/Counter_Sig_0/inst/Counter_Sig_v1_0_S_AXI_inst/s_axi_aclk
    SLICE_X55Y58         FDRE                                         r  ps_i/Counter_Sig_0/inst/Counter_Sig_v1_0_S_AXI_inst/slv_reg61_reg[21]/C
                         clock pessimism              0.109    12.373    
                         clock uncertainty           -0.154    12.219    
    SLICE_X55Y58         FDRE (Setup_fdre_C_D)       -0.039    12.180    ps_i/Counter_Sig_0/inst/Counter_Sig_v1_0_S_AXI_inst/slv_reg61_reg[21]
  -------------------------------------------------------------------
                         required time                         12.180    
                         arrival time                         -10.778    
  -------------------------------------------------------------------
                         slack                                  1.402    

Slack (MET) :             1.411ns  (required time - arrival time)
  Source:                 ps_i/processing_system7_0/inst/PS7_i/MAXIGP0ACLK
                            (rising edge-triggered cell PS7 clocked by clk_fpga_0  {rise@0.000ns fall@5.000ns period=10.000ns})
  Destination:            ps_i/Counter_Sig_0/inst/Counter_Sig_v1_0_S_AXI_inst/slv_reg42_reg[21]/D
                            (rising edge-triggered cell FDRE clocked by clk_fpga_0  {rise@0.000ns fall@5.000ns period=10.000ns})
  Path Group:             clk_fpga_0
  Path Type:              Setup (Max at Slow Process Corner)
  Requirement:            10.000ns  (clk_fpga_0 rise@10.000ns - clk_fpga_0 rise@0.000ns)
  Data Path Delay:        8.253ns  (logic 1.127ns (13.655%)  route 7.126ns (86.345%))
  Logic Levels:           0  
  Clock Path Skew:        -0.164ns (DCD - SCD + CPR)
    Destination Clock Delay (DCD):    2.270ns = ( 12.270 - 10.000 ) 
    Source Clock Delay      (SCD):    2.542ns
    Clock Pessimism Removal (CPR):    0.109ns
  Clock Uncertainty:      0.154ns  ((TSJ^2 + TIJ^2)^1/2 + DJ) / 2 + PE
    Total System Jitter     (TSJ):    0.071ns
    Total Input Jitter      (TIJ):    0.300ns
    Discrete Jitter          (DJ):    0.000ns
    Phase Error              (PE):    0.000ns

    Location             Delay type                Incr(ns)  Path(ns)    Netlist Resource(s)
  -------------------------------------------------------------------    -------------------
                         (clock clk_fpga_0 rise edge)
                                                      0.000     0.000 r  
    PS7_X0Y0             PS7                          0.000     0.000 r  ps_i/processing_system7_0/inst/PS7_i/FCLKCLK[0]
                         net (fo=1, routed)           0.994     0.994    ps_i/processing_system7_0/inst/FCLK_CLK_unbuffered[0]
    BUFGCTRL_X0Y16       BUFG (Prop_bufg_I_O)         0.085     1.079 r  ps_i/processing_system7_0/inst/buffer_fclk_clk_0.FCLK_CLK_0_BUFG/O
                         net (fo=7752, routed)        1.463     2.542    ps_i/processing_system7_0/inst/M_AXI_GP0_ACLK
    PS7_X0Y0             PS7                                          r  ps_i/processing_system7_0/inst/PS7_i/MAXIGP0ACLK
  -------------------------------------------------------------------    -------------------
    PS7_X0Y0             PS7 (Prop_ps7_MAXIGP0ACLK_MAXIGP0WDATA[21])
                                                      1.127     3.669 r  ps_i/processing_system7_0/inst/PS7_i/MAXIGP0WDATA[21]
                         net (fo=104, routed)         7.126    10.796    ps_i/Counter_Sig_0/inst/Counter_Sig_v1_0_S_AXI_inst/s_axi_wdata[21]
    SLICE_X66Y60         FDRE                                         r  ps_i/Counter_Sig_0/inst/Counter_Sig_v1_0_S_AXI_inst/slv_reg42_reg[21]/D
  -------------------------------------------------------------------    -------------------

                         (clock clk_fpga_0 rise edge)
                                                     10.000    10.000 r  
    PS7_X0Y0             PS7                          0.000    10.000 r  ps_i/processing_system7_0/inst/PS7_i/FCLKCLK[0]
                         net (fo=1, routed)           0.905    10.906    ps_i/processing_system7_0/inst/FCLK_CLK_unbuffered[0]
    BUFGCTRL_X0Y16       BUFG (Prop_bufg_I_O)         0.077    10.983 r  ps_i/processing_system7_0/inst/buffer_fclk_clk_0.FCLK_CLK_0_BUFG/O
                         net (fo=7752, routed)        1.287    12.270    ps_i/Counter_Sig_0/inst/Counter_Sig_v1_0_S_AXI_inst/s_axi_aclk
    SLICE_X66Y60         FDRE                                         r  ps_i/Counter_Sig_0/inst/Counter_Sig_v1_0_S_AXI_inst/slv_reg42_reg[21]/C
                         clock pessimism              0.109    12.378    
                         clock uncertainty           -0.154    12.224    
    SLICE_X66Y60         FDRE (Setup_fdre_C_D)       -0.017    12.207    ps_i/Counter_Sig_0/inst/Counter_Sig_v1_0_S_AXI_inst/slv_reg42_reg[21]
  -------------------------------------------------------------------
                         required time                         12.207    
                         arrival time                         -10.796    
  -------------------------------------------------------------------
                         slack                                  1.411    

Slack (MET) :             1.437ns  (required time - arrival time)
  Source:                 ps_i/processing_system7_0/inst/PS7_i/MAXIGP0ACLK
                            (rising edge-triggered cell PS7 clocked by clk_fpga_0  {rise@0.000ns fall@5.000ns period=10.000ns})
  Destination:            ps_i/Counter_Sig_0/inst/Counter_Sig_v1_0_S_AXI_inst/slv_reg37_reg[21]/D
                            (rising edge-triggered cell FDRE clocked by clk_fpga_0  {rise@0.000ns fall@5.000ns period=10.000ns})
  Path Group:             clk_fpga_0
  Path Type:              Setup (Max at Slow Process Corner)
  Requirement:            10.000ns  (clk_fpga_0 rise@10.000ns - clk_fpga_0 rise@0.000ns)
  Data Path Delay:        8.229ns  (logic 1.127ns (13.696%)  route 7.102ns (86.304%))
  Logic Levels:           0  
  Clock Path Skew:        -0.165ns (DCD - SCD + CPR)
    Destination Clock Delay (DCD):    2.269ns = ( 12.269 - 10.000 ) 
    Source Clock Delay      (SCD):    2.542ns
    Clock Pessimism Removal (CPR):    0.109ns
  Clock Uncertainty:      0.154ns  ((TSJ^2 + TIJ^2)^1/2 + DJ) / 2 + PE
    Total System Jitter     (TSJ):    0.071ns
    Total Input Jitter      (TIJ):    0.300ns
    Discrete Jitter          (DJ):    0.000ns
    Phase Error              (PE):    0.000ns

    Location             Delay type                Incr(ns)  Path(ns)    Netlist Resource(s)
  -------------------------------------------------------------------    -------------------
                         (clock clk_fpga_0 rise edge)
                                                      0.000     0.000 r  
    PS7_X0Y0             PS7                          0.000     0.000 r  ps_i/processing_system7_0/inst/PS7_i/FCLKCLK[0]
                         net (fo=1, routed)           0.994     0.994    ps_i/processing_system7_0/inst/FCLK_CLK_unbuffered[0]
    BUFGCTRL_X0Y16       BUFG (Prop_bufg_I_O)         0.085     1.079 r  ps_i/processing_system7_0/inst/buffer_fclk_clk_0.FCLK_CLK_0_BUFG/O
                         net (fo=7752, routed)        1.463     2.542    ps_i/processing_system7_0/inst/M_AXI_GP0_ACLK
    PS7_X0Y0             PS7                                          r  ps_i/processing_system7_0/inst/PS7_i/MAXIGP0ACLK
  -------------------------------------------------------------------    -------------------
    PS7_X0Y0             PS7 (Prop_ps7_MAXIGP0ACLK_MAXIGP0WDATA[21])
                                                      1.127     3.669 r  ps_i/processing_system7_0/inst/PS7_i/MAXIGP0WDATA[21]
                         net (fo=104, routed)         7.102    10.771    ps_i/Counter_Sig_0/inst/Counter_Sig_v1_0_S_AXI_inst/s_axi_wdata[21]
    SLICE_X62Y57         FDRE                                         r  ps_i/Counter_Sig_0/inst/Counter_Sig_v1_0_S_AXI_inst/slv_reg37_reg[21]/D
  -------------------------------------------------------------------    -------------------

                         (clock clk_fpga_0 rise edge)
                                                     10.000    10.000 r  
    PS7_X0Y0             PS7                          0.000    10.000 r  ps_i/processing_system7_0/inst/PS7_i/FCLKCLK[0]
                         net (fo=1, routed)           0.905    10.906    ps_i/processing_system7_0/inst/FCLK_CLK_unbuffered[0]
    BUFGCTRL_X0Y16       BUFG (Prop_bufg_I_O)         0.077    10.983 r  ps_i/processing_system7_0/inst/buffer_fclk_clk_0.FCLK_CLK_0_BUFG/O
                         net (fo=7752, routed)        1.286    12.269    ps_i/Counter_Sig_0/inst/Counter_Sig_v1_0_S_AXI_inst/s_axi_aclk
    SLICE_X62Y57         FDRE                                         r  ps_i/Counter_Sig_0/inst/Counter_Sig_v1_0_S_AXI_inst/slv_reg37_reg[21]/C
                         clock pessimism              0.109    12.377    
                         clock uncertainty           -0.154    12.223    
    SLICE_X62Y57         FDRE (Setup_fdre_C_D)       -0.015    12.208    ps_i/Counter_Sig_0/inst/Counter_Sig_v1_0_S_AXI_inst/slv_reg37_reg[21]
  -------------------------------------------------------------------
                         required time                         12.208    
                         arrival time                         -10.771    
  -------------------------------------------------------------------
                         slack                                  1.437    

Slack (MET) :             1.507ns  (required time - arrival time)
  Source:                 ps_i/processing_system7_0/inst/PS7_i/MAXIGP0ACLK
                            (rising edge-triggered cell PS7 clocked by clk_fpga_0  {rise@0.000ns fall@5.000ns period=10.000ns})
  Destination:            ps_i/Counter_Sig_0/inst/Counter_Sig_v1_0_S_AXI_inst/slv_reg41_reg[21]/D
                            (rising edge-triggered cell FDRE clocked by clk_fpga_0  {rise@0.000ns fall@5.000ns period=10.000ns})
  Path Group:             clk_fpga_0
  Path Type:              Setup (Max at Slow Process Corner)
  Requirement:            10.000ns  (clk_fpga_0 rise@10.000ns - clk_fpga_0 rise@0.000ns)
  Data Path Delay:        8.142ns  (logic 1.127ns (13.841%)  route 7.015ns (86.159%))
  Logic Levels:           0  
  Clock Path Skew:        -0.164ns (DCD - SCD + CPR)
    Destination Clock Delay (DCD):    2.270ns = ( 12.270 - 10.000 ) 
    Source Clock Delay      (SCD):    2.542ns
    Clock Pessimism Removal (CPR):    0.109ns
  Clock Uncertainty:      0.154ns  ((TSJ^2 + TIJ^2)^1/2 + DJ) / 2 + PE
    Total System Jitter     (TSJ):    0.071ns
    Total Input Jitter      (TIJ):    0.300ns
    Discrete Jitter          (DJ):    0.000ns
    Phase Error              (PE):    0.000ns

    Location             Delay type                Incr(ns)  Path(ns)    Netlist Resource(s)
  -------------------------------------------------------------------    -------------------
                         (clock clk_fpga_0 rise edge)
                                                      0.000     0.000 r  
    PS7_X0Y0             PS7                          0.000     0.000 r  ps_i/processing_system7_0/inst/PS7_i/FCLKCLK[0]
                         net (fo=1, routed)           0.994     0.994    ps_i/processing_system7_0/inst/FCLK_CLK_unbuffered[0]
    BUFGCTRL_X0Y16       BUFG (Prop_bufg_I_O)         0.085     1.079 r  ps_i/processing_system7_0/inst/buffer_fclk_clk_0.FCLK_CLK_0_BUFG/O
                         net (fo=7752, routed)        1.463     2.542    ps_i/processing_system7_0/inst/M_AXI_GP0_ACLK
    PS7_X0Y0             PS7                                          r  ps_i/processing_system7_0/inst/PS7_i/MAXIGP0ACLK
  -------------------------------------------------------------------    -------------------
    PS7_X0Y0             PS7 (Prop_ps7_MAXIGP0ACLK_MAXIGP0WDATA[21])
                                                      1.127     3.669 r  ps_i/processing_system7_0/inst/PS7_i/MAXIGP0WDATA[21]
                         net (fo=104, routed)         7.015    10.685    ps_i/Counter_Sig_0/inst/Counter_Sig_v1_0_S_AXI_inst/s_axi_wdata[21]
    SLICE_X65Y60         FDRE                                         r  ps_i/Counter_Sig_0/inst/Counter_Sig_v1_0_S_AXI_inst/slv_reg41_reg[21]/D
  -------------------------------------------------------------------    -------------------

                         (clock clk_fpga_0 rise edge)
                                                     10.000    10.000 r  
    PS7_X0Y0             PS7                          0.000    10.000 r  ps_i/processing_system7_0/inst/PS7_i/FCLKCLK[0]
                         net (fo=1, routed)           0.905    10.906    ps_i/processing_system7_0/inst/FCLK_CLK_unbuffered[0]
    BUFGCTRL_X0Y16       BUFG (Prop_bufg_I_O)         0.077    10.983 r  ps_i/processing_system7_0/inst/buffer_fclk_clk_0.FCLK_CLK_0_BUFG/O
                         net (fo=7752, routed)        1.287    12.270    ps_i/Counter_Sig_0/inst/Counter_Sig_v1_0_S_AXI_inst/s_axi_aclk
    SLICE_X65Y60         FDRE                                         r  ps_i/Counter_Sig_0/inst/Counter_Sig_v1_0_S_AXI_inst/slv_reg41_reg[21]/C
                         clock pessimism              0.109    12.378    
                         clock uncertainty           -0.154    12.224    
    SLICE_X65Y60         FDRE (Setup_fdre_C_D)       -0.032    12.192    ps_i/Counter_Sig_0/inst/Counter_Sig_v1_0_S_AXI_inst/slv_reg41_reg[21]
  -------------------------------------------------------------------
                         required time                         12.192    
                         arrival time                         -10.685    
  -------------------------------------------------------------------
                         slack                                  1.507    

Slack (MET) :             1.512ns  (required time - arrival time)
  Source:                 ps_i/processing_system7_0/inst/PS7_i/MAXIGP0ACLK
                            (rising edge-triggered cell PS7 clocked by clk_fpga_0  {rise@0.000ns fall@5.000ns period=10.000ns})
  Destination:            ps_i/Counter_Sig_0/inst/Counter_Sig_v1_0_S_AXI_inst/slv_reg39_reg[21]/D
                            (rising edge-triggered cell FDRE clocked by clk_fpga_0  {rise@0.000ns fall@5.000ns period=10.000ns})
  Path Group:             clk_fpga_0
  Path Type:              Setup (Max at Slow Process Corner)
  Requirement:            10.000ns  (clk_fpga_0 rise@10.000ns - clk_fpga_0 rise@0.000ns)
  Data Path Delay:        8.121ns  (logic 1.127ns (13.878%)  route 6.994ns (86.122%))
  Logic Levels:           0  
  Clock Path Skew:        -0.166ns (DCD - SCD + CPR)
    Destination Clock Delay (DCD):    2.268ns = ( 12.268 - 10.000 ) 
    Source Clock Delay      (SCD):    2.542ns
    Clock Pessimism Removal (CPR):    0.109ns
  Clock Uncertainty:      0.154ns  ((TSJ^2 + TIJ^2)^1/2 + DJ) / 2 + PE
    Total System Jitter     (TSJ):    0.071ns
    Total Input Jitter      (TIJ):    0.300ns
    Discrete Jitter          (DJ):    0.000ns
    Phase Error              (PE):    0.000ns

    Location             Delay type                Incr(ns)  Path(ns)    Netlist Resource(s)
  -------------------------------------------------------------------    -------------------
                         (clock clk_fpga_0 rise edge)
                                                      0.000     0.000 r  
    PS7_X0Y0             PS7                          0.000     0.000 r  ps_i/processing_system7_0/inst/PS7_i/FCLKCLK[0]
                         net (fo=1, routed)           0.994     0.994    ps_i/processing_system7_0/inst/FCLK_CLK_unbuffered[0]
    BUFGCTRL_X0Y16       BUFG (Prop_bufg_I_O)         0.085     1.079 r  ps_i/processing_system7_0/inst/buffer_fclk_clk_0.FCLK_CLK_0_BUFG/O
                         net (fo=7752, routed)        1.463     2.542    ps_i/processing_system7_0/inst/M_AXI_GP0_ACLK
    PS7_X0Y0             PS7                                          r  ps_i/processing_system7_0/inst/PS7_i/MAXIGP0ACLK
  -------------------------------------------------------------------    -------------------
    PS7_X0Y0             PS7 (Prop_ps7_MAXIGP0ACLK_MAXIGP0WDATA[21])
                                                      1.127     3.669 r  ps_i/processing_system7_0/inst/PS7_i/MAXIGP0WDATA[21]
                         net (fo=104, routed)         6.994    10.663    ps_i/Counter_Sig_0/inst/Counter_Sig_v1_0_S_AXI_inst/s_axi_wdata[21]
    SLICE_X63Y58         FDRE                                         r  ps_i/Counter_Sig_0/inst/Counter_Sig_v1_0_S_AXI_inst/slv_reg39_reg[21]/D
  -------------------------------------------------------------------    -------------------

                         (clock clk_fpga_0 rise edge)
                                                     10.000    10.000 r  
    PS7_X0Y0             PS7                          0.000    10.000 r  ps_i/processing_system7_0/inst/PS7_i/FCLKCLK[0]
                         net (fo=1, routed)           0.905    10.906    ps_i/processing_system7_0/inst/FCLK_CLK_unbuffered[0]
    BUFGCTRL_X0Y16       BUFG (Prop_bufg_I_O)         0.077    10.983 r  ps_i/processing_system7_0/inst/buffer_fclk_clk_0.FCLK_CLK_0_BUFG/O
                         net (fo=7752, routed)        1.285    12.268    ps_i/Counter_Sig_0/inst/Counter_Sig_v1_0_S_AXI_inst/s_axi_aclk
    SLICE_X63Y58         FDRE                                         r  ps_i/Counter_Sig_0/inst/Counter_Sig_v1_0_S_AXI_inst/slv_reg39_reg[21]/C
                         clock pessimism              0.109    12.376    
                         clock uncertainty           -0.154    12.222    
    SLICE_X63Y58         FDRE (Setup_fdre_C_D)       -0.047    12.175    ps_i/Counter_Sig_0/inst/Counter_Sig_v1_0_S_AXI_inst/slv_reg39_reg[21]
  -------------------------------------------------------------------
                         required time                         12.175    
                         arrival time                         -10.663    
  -------------------------------------------------------------------
                         slack                                  1.512    





Min Delay Paths
--------------------------------------------------------------------------------------
Slack (MET) :             0.021ns  (arrival time - required time)
  Source:                 ps_i/axi_dma_0/U0/I_PRMRY_DATAMOVER/GEN_S2MM_FULL.I_S2MM_FULL_WRAPPER/I_ADDR_CNTL/sig_next_addr_reg_reg[13]/C
                            (rising edge-triggered cell FDRE clocked by clk_fpga_0  {rise@0.000ns fall@5.000ns period=10.000ns})
  Destination:            ps_i/axi_smc/inst/s00_entry_pipeline/s00_mmu/inst/aw_sreg/skid_buffer_reg[1074]/D
                            (rising edge-triggered cell FDRE clocked by clk_fpga_0  {rise@0.000ns fall@5.000ns period=10.000ns})
  Path Group:             clk_fpga_0
  Path Type:              Hold (Min at Fast Process Corner)
  Requirement:            0.000ns  (clk_fpga_0 rise@0.000ns - clk_fpga_0 rise@0.000ns)
  Data Path Delay:        0.302ns  (logic 0.148ns (48.929%)  route 0.154ns (51.071%))
  Logic Levels:           0  
  Clock Path Skew:        0.282ns (DCD - SCD - CPR)
    Destination Clock Delay (DCD):    1.225ns
    Source Clock Delay      (SCD):    0.913ns
    Clock Pessimism Removal (CPR):    0.030ns

    Location             Delay type                Incr(ns)  Path(ns)    Netlist Resource(s)
  -------------------------------------------------------------------    -------------------
                         (clock clk_fpga_0 rise edge)
                                                      0.000     0.000 r  
    PS7_X0Y0             PS7                          0.000     0.000 r  ps_i/processing_system7_0/inst/PS7_i/FCLKCLK[0]
                         net (fo=1, routed)           0.310     0.310    ps_i/processing_system7_0/inst/FCLK_CLK_unbuffered[0]
    BUFGCTRL_X0Y16       BUFG (Prop_bufg_I_O)         0.026     0.336 r  ps_i/processing_system7_0/inst/buffer_fclk_clk_0.FCLK_CLK_0_BUFG/O
                         net (fo=7752, routed)        0.577     0.913    ps_i/axi_dma_0/U0/I_PRMRY_DATAMOVER/GEN_S2MM_FULL.I_S2MM_FULL_WRAPPER/I_ADDR_CNTL/m_axi_s2mm_aclk
    SLICE_X30Y50         FDRE                                         r  ps_i/axi_dma_0/U0/I_PRMRY_DATAMOVER/GEN_S2MM_FULL.I_S2MM_FULL_WRAPPER/I_ADDR_CNTL/sig_next_addr_reg_reg[13]/C
  -------------------------------------------------------------------    -------------------
    SLICE_X30Y50         FDRE (Prop_fdre_C_Q)         0.148     1.061 r  ps_i/axi_dma_0/U0/I_PRMRY_DATAMOVER/GEN_S2MM_FULL.I_S2MM_FULL_WRAPPER/I_ADDR_CNTL/sig_next_addr_reg_reg[13]/Q
                         net (fo=2, routed)           0.154     1.215    ps_i/axi_smc/inst/s00_entry_pipeline/s00_mmu/inst/aw_sreg/skid_buffer_reg[1144]_0[18]
    SLICE_X30Y49         FDRE                                         r  ps_i/axi_smc/inst/s00_entry_pipeline/s00_mmu/inst/aw_sreg/skid_buffer_reg[1074]/D
  -------------------------------------------------------------------    -------------------

                         (clock clk_fpga_0 rise edge)
                                                      0.000     0.000 r  
    PS7_X0Y0             PS7                          0.000     0.000 r  ps_i/processing_system7_0/inst/PS7_i/FCLKCLK[0]
                         net (fo=1, routed)           0.337     0.337    ps_i/processing_system7_0/inst/FCLK_CLK_unbuffered[0]
    BUFGCTRL_X0Y16       BUFG (Prop_bufg_I_O)         0.029     0.366 r  ps_i/processing_system7_0/inst/buffer_fclk_clk_0.FCLK_CLK_0_BUFG/O
                         net (fo=7752, routed)        0.859     1.225    ps_i/axi_smc/inst/s00_entry_pipeline/s00_mmu/inst/aw_sreg/aclk
    SLICE_X30Y49         FDRE                                         r  ps_i/axi_smc/inst/s00_entry_pipeline/s00_mmu/inst/aw_sreg/skid_buffer_reg[1074]/C
                         clock pessimism             -0.030     1.195    
    SLICE_X30Y49         FDRE (Hold_fdre_C_D)        -0.001     1.194    ps_i/axi_smc/inst/s00_entry_pipeline/s00_mmu/inst/aw_sreg/skid_buffer_reg[1074]
  -------------------------------------------------------------------
                         required time                         -1.194    
                         arrival time                           1.215    
  -------------------------------------------------------------------
                         slack                                  0.021    

Slack (MET) :             0.053ns  (arrival time - required time)
  Source:                 ps_i/axi_dma_0/U0/I_PRMRY_DATAMOVER/GEN_S2MM_FULL.I_S2MM_FULL_WRAPPER/GEN_INCLUDE_IBTTCC.I_S2MM_MSTR_IBTTCC/sig_realign_btt_reg_reg[14]/C
                            (rising edge-triggered cell FDRE clocked by clk_fpga_0  {rise@0.000ns fall@5.000ns period=10.000ns})
  Destination:            ps_i/axi_dma_0/U0/I_PRMRY_DATAMOVER/GEN_S2MM_FULL.I_S2MM_FULL_WRAPPER/GEN_INCLUDE_REALIGNER.I_S2MM_REALIGNER/I_DRE_CNTL_FIFO/USE_SRL_FIFO.I_SYNC_FIFO/I_SRL_FIFO_RBU_F/DYNSHREG_F_I/INFERRED_GEN.data_reg[3][10]_srl4/D
                            (rising edge-triggered cell SRL16E clocked by clk_fpga_0  {rise@0.000ns fall@5.000ns period=10.000ns})
  Path Group:             clk_fpga_0
  Path Type:              Hold (Min at Fast Process Corner)
  Requirement:            0.000ns  (clk_fpga_0 rise@0.000ns - clk_fpga_0 rise@0.000ns)
  Data Path Delay:        0.249ns  (logic 0.141ns (56.528%)  route 0.108ns (43.472%))
  Logic Levels:           0  
  Clock Path Skew:        0.013ns (DCD - SCD - CPR)
    Destination Clock Delay (DCD):    1.194ns
    Source Clock Delay      (SCD):    0.897ns
    Clock Pessimism Removal (CPR):    0.284ns

    Location             Delay type                Incr(ns)  Path(ns)    Netlist Resource(s)
  -------------------------------------------------------------------    -------------------
                         (clock clk_fpga_0 rise edge)
                                                      0.000     0.000 r  
    PS7_X0Y0             PS7                          0.000     0.000 r  ps_i/processing_system7_0/inst/PS7_i/FCLKCLK[0]
                         net (fo=1, routed)           0.310     0.310    ps_i/processing_system7_0/inst/FCLK_CLK_unbuffered[0]
    BUFGCTRL_X0Y16       BUFG (Prop_bufg_I_O)         0.026     0.336 r  ps_i/processing_system7_0/inst/buffer_fclk_clk_0.FCLK_CLK_0_BUFG/O
                         net (fo=7752, routed)        0.561     0.897    ps_i/axi_dma_0/U0/I_PRMRY_DATAMOVER/GEN_S2MM_FULL.I_S2MM_FULL_WRAPPER/GEN_INCLUDE_IBTTCC.I_S2MM_MSTR_IBTTCC/m_axi_s2mm_aclk
    SLICE_X47Y41         FDRE                                         r  ps_i/axi_dma_0/U0/I_PRMRY_DATAMOVER/GEN_S2MM_FULL.I_S2MM_FULL_WRAPPER/GEN_INCLUDE_IBTTCC.I_S2MM_MSTR_IBTTCC/sig_realign_btt_reg_reg[14]/C
  -------------------------------------------------------------------    -------------------
    SLICE_X47Y41         FDRE (Prop_fdre_C_Q)         0.141     1.038 r  ps_i/axi_dma_0/U0/I_PRMRY_DATAMOVER/GEN_S2MM_FULL.I_S2MM_FULL_WRAPPER/GEN_INCLUDE_IBTTCC.I_S2MM_MSTR_IBTTCC/sig_realign_btt_reg_reg[14]/Q
                         net (fo=1, routed)           0.108     1.146    ps_i/axi_dma_0/U0/I_PRMRY_DATAMOVER/GEN_S2MM_FULL.I_S2MM_FULL_WRAPPER/GEN_INCLUDE_REALIGNER.I_S2MM_REALIGNER/I_DRE_CNTL_FIFO/USE_SRL_FIFO.I_SYNC_FIFO/I_SRL_FIFO_RBU_F/DYNSHREG_F_I/in[14]
    SLICE_X46Y41         SRL16E                                       r  ps_i/axi_dma_0/U0/I_PRMRY_DATAMOVER/GEN_S2MM_FULL.I_S2MM_FULL_WRAPPER/GEN_INCLUDE_REALIGNER.I_S2MM_REALIGNER/I_DRE_CNTL_FIFO/USE_SRL_FIFO.I_SYNC_FIFO/I_SRL_FIFO_RBU_F/DYNSHREG_F_I/INFERRED_GEN.data_reg[3][10]_srl4/D
  -------------------------------------------------------------------    -------------------

                         (clock clk_fpga_0 rise edge)
                                                      0.000     0.000 r  
    PS7_X0Y0             PS7                          0.000     0.000 r  ps_i/processing_system7_0/inst/PS7_i/FCLKCLK[0]
                         net (fo=1, routed)           0.337     0.337    ps_i/processing_system7_0/inst/FCLK_CLK_unbuffered[0]
    BUFGCTRL_X0Y16       BUFG (Prop_bufg_I_O)         0.029     0.366 r  ps_i/processing_system7_0/inst/buffer_fclk_clk_0.FCLK_CLK_0_BUFG/O
                         net (fo=7752, routed)        0.828     1.194    ps_i/axi_dma_0/U0/I_PRMRY_DATAMOVER/GEN_S2MM_FULL.I_S2MM_FULL_WRAPPER/GEN_INCLUDE_REALIGNER.I_S2MM_REALIGNER/I_DRE_CNTL_FIFO/USE_SRL_FIFO.I_SYNC_FIFO/I_SRL_FIFO_RBU_F/DYNSHREG_F_I/m_axi_s2mm_aclk
    SLICE_X46Y41         SRL16E                                       r  ps_i/axi_dma_0/U0/I_PRMRY_DATAMOVER/GEN_S2MM_FULL.I_S2MM_FULL_WRAPPER/GEN_INCLUDE_REALIGNER.I_S2MM_REALIGNER/I_DRE_CNTL_FIFO/USE_SRL_FIFO.I_SYNC_FIFO/I_SRL_FIFO_RBU_F/DYNSHREG_F_I/INFERRED_GEN.data_reg[3][10]_srl4/CLK
                         clock pessimism             -0.284     0.910    
    SLICE_X46Y41         SRL16E (Hold_srl16e_CLK_D)
                                                      0.183     1.093    ps_i/axi_dma_0/U0/I_PRMRY_DATAMOVER/GEN_S2MM_FULL.I_S2MM_FULL_WRAPPER/GEN_INCLUDE_REALIGNER.I_S2MM_REALIGNER/I_DRE_CNTL_FIFO/USE_SRL_FIFO.I_SYNC_FIFO/I_SRL_FIFO_RBU_F/DYNSHREG_F_I/INFERRED_GEN.data_reg[3][10]_srl4
  -------------------------------------------------------------------
                         required time                         -1.093    
                         arrival time                           1.146    
  -------------------------------------------------------------------
                         slack                                  0.053    

Slack (MET) :             0.066ns  (arrival time - required time)
  Source:                 ps_i/ps7_0_axi_periph/xbar/inst/gen_sasd.crossbar_sasd_0/reg_slice_r/m_payload_i_reg[3]/C
                            (rising edge-triggered cell FDRE clocked by clk_fpga_0  {rise@0.000ns fall@5.000ns period=10.000ns})
  Destination:            ps_i/ps7_0_axi_periph/s00_couplers/auto_pc/inst/gen_axilite.gen_b2s_conv.axilite_b2s/RD.r_channel_0/rd_data_fifo_0/memory_reg[31][0]_srl32/D
                            (rising edge-triggered cell SRLC32E clocked by clk_fpga_0  {rise@0.000ns fall@5.000ns period=10.000ns})
  Path Group:             clk_fpga_0
  Path Type:              Hold (Min at Fast Process Corner)
  Requirement:            0.000ns  (clk_fpga_0 rise@0.000ns - clk_fpga_0 rise@0.000ns)
  Data Path Delay:        0.196ns  (logic 0.141ns (71.838%)  route 0.055ns (28.162%))
  Logic Levels:           0  
  Clock Path Skew:        0.013ns (DCD - SCD - CPR)
    Destination Clock Delay (DCD):    1.189ns
    Source Clock Delay      (SCD):    0.892ns
    Clock Pessimism Removal (CPR):    0.284ns

    Location             Delay type                Incr(ns)  Path(ns)    Netlist Resource(s)
  -------------------------------------------------------------------    -------------------
                         (clock clk_fpga_0 rise edge)
                                                      0.000     0.000 r  
    PS7_X0Y0             PS7                          0.000     0.000 r  ps_i/processing_system7_0/inst/PS7_i/FCLKCLK[0]
                         net (fo=1, routed)           0.310     0.310    ps_i/processing_system7_0/inst/FCLK_CLK_unbuffered[0]
    BUFGCTRL_X0Y16       BUFG (Prop_bufg_I_O)         0.026     0.336 r  ps_i/processing_system7_0/inst/buffer_fclk_clk_0.FCLK_CLK_0_BUFG/O
                         net (fo=7752, routed)        0.556     0.892    ps_i/ps7_0_axi_periph/xbar/inst/gen_sasd.crossbar_sasd_0/reg_slice_r/aclk
    SLICE_X33Y89         FDRE                                         r  ps_i/ps7_0_axi_periph/xbar/inst/gen_sasd.crossbar_sasd_0/reg_slice_r/m_payload_i_reg[3]/C
  -------------------------------------------------------------------    -------------------
    SLICE_X33Y89         FDRE (Prop_fdre_C_Q)         0.141     1.033 r  ps_i/ps7_0_axi_periph/xbar/inst/gen_sasd.crossbar_sasd_0/reg_slice_r/m_payload_i_reg[3]/Q
                         net (fo=1, routed)           0.055     1.088    ps_i/ps7_0_axi_periph/s00_couplers/auto_pc/inst/gen_axilite.gen_b2s_conv.axilite_b2s/RD.r_channel_0/rd_data_fifo_0/in[0]
    SLICE_X32Y89         SRLC32E                                      r  ps_i/ps7_0_axi_periph/s00_couplers/auto_pc/inst/gen_axilite.gen_b2s_conv.axilite_b2s/RD.r_channel_0/rd_data_fifo_0/memory_reg[31][0]_srl32/D
  -------------------------------------------------------------------    -------------------

                         (clock clk_fpga_0 rise edge)
                                                      0.000     0.000 r  
    PS7_X0Y0             PS7                          0.000     0.000 r  ps_i/processing_system7_0/inst/PS7_i/FCLKCLK[0]
                         net (fo=1, routed)           0.337     0.337    ps_i/processing_system7_0/inst/FCLK_CLK_unbuffered[0]
    BUFGCTRL_X0Y16       BUFG (Prop_bufg_I_O)         0.029     0.366 r  ps_i/processing_system7_0/inst/buffer_fclk_clk_0.FCLK_CLK_0_BUFG/O
                         net (fo=7752, routed)        0.823     1.189    ps_i/ps7_0_axi_periph/s00_couplers/auto_pc/inst/gen_axilite.gen_b2s_conv.axilite_b2s/RD.r_channel_0/rd_data_fifo_0/aclk
    SLICE_X32Y89         SRLC32E                                      r  ps_i/ps7_0_axi_periph/s00_couplers/auto_pc/inst/gen_axilite.gen_b2s_conv.axilite_b2s/RD.r_channel_0/rd_data_fifo_0/memory_reg[31][0]_srl32/CLK
                         clock pessimism             -0.284     0.905    
    SLICE_X32Y89         SRLC32E (Hold_srlc32e_CLK_D)
                                                      0.117     1.022    ps_i/ps7_0_axi_periph/s00_couplers/auto_pc/inst/gen_axilite.gen_b2s_conv.axilite_b2s/RD.r_channel_0/rd_data_fifo_0/memory_reg[31][0]_srl32
  -------------------------------------------------------------------
                         required time                         -1.022    
                         arrival time                           1.088    
  -------------------------------------------------------------------
                         slack                                  0.066    

Slack (MET) :             0.071ns  (arrival time - required time)
  Source:                 ps_i/ps7_0_axi_periph/s00_couplers/auto_pc/inst/gen_axilite.gen_b2s_conv.axilite_b2s/SI_REG/aw.aw_pipe/m_payload_i_reg[51]/C
                            (rising edge-triggered cell FDRE clocked by clk_fpga_0  {rise@0.000ns fall@5.000ns period=10.000ns})
  Destination:            ps_i/ps7_0_axi_periph/s00_couplers/auto_pc/inst/gen_axilite.gen_b2s_conv.axilite_b2s/WR.aw_channel_0/s_awid_r_reg[1]/D
                            (rising edge-triggered cell FDRE clocked by clk_fpga_0  {rise@0.000ns fall@5.000ns period=10.000ns})
  Path Group:             clk_fpga_0
  Path Type:              Hold (Min at Fast Process Corner)
  Requirement:            0.000ns  (clk_fpga_0 rise@0.000ns - clk_fpga_0 rise@0.000ns)
  Data Path Delay:        0.413ns  (logic 0.128ns (31.006%)  route 0.285ns (68.994%))
  Logic Levels:           0  
  Clock Path Skew:        0.348ns (DCD - SCD - CPR)
    Destination Clock Delay (DCD):    1.296ns
    Source Clock Delay      (SCD):    0.913ns
    Clock Pessimism Removal (CPR):    0.035ns

    Location             Delay type                Incr(ns)  Path(ns)    Netlist Resource(s)
  -------------------------------------------------------------------    -------------------
                         (clock clk_fpga_0 rise edge)
                                                      0.000     0.000 r  
    PS7_X0Y0             PS7                          0.000     0.000 r  ps_i/processing_system7_0/inst/PS7_i/FCLKCLK[0]
                         net (fo=1, routed)           0.310     0.310    ps_i/processing_system7_0/inst/FCLK_CLK_unbuffered[0]
    BUFGCTRL_X0Y16       BUFG (Prop_bufg_I_O)         0.026     0.336 r  ps_i/processing_system7_0/inst/buffer_fclk_clk_0.FCLK_CLK_0_BUFG/O
                         net (fo=7752, routed)        0.577     0.913    ps_i/ps7_0_axi_periph/s00_couplers/auto_pc/inst/gen_axilite.gen_b2s_conv.axilite_b2s/SI_REG/aw.aw_pipe/aclk
    SLICE_X28Y99         FDRE                                         r  ps_i/ps7_0_axi_periph/s00_couplers/auto_pc/inst/gen_axilite.gen_b2s_conv.axilite_b2s/SI_REG/aw.aw_pipe/m_payload_i_reg[51]/C
  -------------------------------------------------------------------    -------------------
    SLICE_X28Y99         FDRE (Prop_fdre_C_Q)         0.128     1.041 r  ps_i/ps7_0_axi_periph/s00_couplers/auto_pc/inst/gen_axilite.gen_b2s_conv.axilite_b2s/SI_REG/aw.aw_pipe/m_payload_i_reg[51]/Q
                         net (fo=1, routed)           0.285     1.325    ps_i/ps7_0_axi_periph/s00_couplers/auto_pc/inst/gen_axilite.gen_b2s_conv.axilite_b2s/WR.aw_channel_0/Q[21]
    SLICE_X31Y104        FDRE                                         r  ps_i/ps7_0_axi_periph/s00_couplers/auto_pc/inst/gen_axilite.gen_b2s_conv.axilite_b2s/WR.aw_channel_0/s_awid_r_reg[1]/D
  -------------------------------------------------------------------    -------------------

                         (clock clk_fpga_0 rise edge)
                                                      0.000     0.000 r  
    PS7_X0Y0             PS7                          0.000     0.000 r  ps_i/processing_system7_0/inst/PS7_i/FCLKCLK[0]
                         net (fo=1, routed)           0.337     0.337    ps_i/processing_system7_0/inst/FCLK_CLK_unbuffered[0]
    BUFGCTRL_X0Y16       BUFG (Prop_bufg_I_O)         0.029     0.366 r  ps_i/processing_system7_0/inst/buffer_fclk_clk_0.FCLK_CLK_0_BUFG/O
                         net (fo=7752, routed)        0.930     1.296    ps_i/ps7_0_axi_periph/s00_couplers/auto_pc/inst/gen_axilite.gen_b2s_conv.axilite_b2s/WR.aw_channel_0/aclk
    SLICE_X31Y104        FDRE                                         r  ps_i/ps7_0_axi_periph/s00_couplers/auto_pc/inst/gen_axilite.gen_b2s_conv.axilite_b2s/WR.aw_channel_0/s_awid_r_reg[1]/C
                         clock pessimism             -0.035     1.261    
    SLICE_X31Y104        FDRE (Hold_fdre_C_D)        -0.006     1.255    ps_i/ps7_0_axi_periph/s00_couplers/auto_pc/inst/gen_axilite.gen_b2s_conv.axilite_b2s/WR.aw_channel_0/s_awid_r_reg[1]
  -------------------------------------------------------------------
                         required time                         -1.255    
                         arrival time                           1.325    
  -------------------------------------------------------------------
                         slack                                  0.071    

Slack (MET) :             0.086ns  (arrival time - required time)
  Source:                 ps_i/axi_dma_0/U0/I_PRMRY_DATAMOVER/GEN_S2MM_FULL.I_S2MM_FULL_WRAPPER/GEN_INCLUDE_REALIGNER.I_S2MM_REALIGNER/GEN_INCLUDE_SCATTER.I_S2MM_SCATTER/SLICE_INSERTION/storage_data_reg[4]/C
                            (rising edge-triggered cell FDRE clocked by clk_fpga_0  {rise@0.000ns fall@5.000ns period=10.000ns})
  Destination:            ps_i/axi_dma_0/U0/I_PRMRY_DATAMOVER/GEN_S2MM_FULL.I_S2MM_FULL_WRAPPER/GEN_INCLUDE_REALIGNER.I_S2MM_REALIGNER/GEN_INCLUDE_SCATTER.I_S2MM_SCATTER/I_TSTRB_FIFO/USE_SRL_FIFO.I_SYNC_FIFO/I_SRL_FIFO_RBU_F/DYNSHREG_F_I/INFERRED_GEN.data_reg[15][9]_srl16/D
                            (rising edge-triggered cell SRL16E clocked by clk_fpga_0  {rise@0.000ns fall@5.000ns period=10.000ns})
  Path Group:             clk_fpga_0
  Path Type:              Hold (Min at Fast Process Corner)
  Requirement:            0.000ns  (clk_fpga_0 rise@0.000ns - clk_fpga_0 rise@0.000ns)
  Data Path Delay:        0.247ns  (logic 0.128ns (51.856%)  route 0.119ns (48.144%))
  Logic Levels:           0  
  Clock Path Skew:        0.032ns (DCD - SCD - CPR)
    Destination Clock Delay (DCD):    1.189ns
    Source Clock Delay      (SCD):    0.894ns
    Clock Pessimism Removal (CPR):    0.263ns

    Location             Delay type                Incr(ns)  Path(ns)    Netlist Resource(s)
  -------------------------------------------------------------------    -------------------
                         (clock clk_fpga_0 rise edge)
                                                      0.000     0.000 r  
    PS7_X0Y0             PS7                          0.000     0.000 r  ps_i/processing_system7_0/inst/PS7_i/FCLKCLK[0]
                         net (fo=1, routed)           0.310     0.310    ps_i/processing_system7_0/inst/FCLK_CLK_unbuffered[0]
    BUFGCTRL_X0Y16       BUFG (Prop_bufg_I_O)         0.026     0.336 r  ps_i/processing_system7_0/inst/buffer_fclk_clk_0.FCLK_CLK_0_BUFG/O
                         net (fo=7752, routed)        0.558     0.894    ps_i/axi_dma_0/U0/I_PRMRY_DATAMOVER/GEN_S2MM_FULL.I_S2MM_FULL_WRAPPER/GEN_INCLUDE_REALIGNER.I_S2MM_REALIGNER/GEN_INCLUDE_SCATTER.I_S2MM_SCATTER/SLICE_INSERTION/m_axi_s2mm_aclk
    SLICE_X40Y34         FDRE                                         r  ps_i/axi_dma_0/U0/I_PRMRY_DATAMOVER/GEN_S2MM_FULL.I_S2MM_FULL_WRAPPER/GEN_INCLUDE_REALIGNER.I_S2MM_REALIGNER/GEN_INCLUDE_SCATTER.I_S2MM_SCATTER/SLICE_INSERTION/storage_data_reg[4]/C
  -------------------------------------------------------------------    -------------------
    SLICE_X40Y34         FDRE (Prop_fdre_C_Q)         0.128     1.022 r  ps_i/axi_dma_0/U0/I_PRMRY_DATAMOVER/GEN_S2MM_FULL.I_S2MM_FULL_WRAPPER/GEN_INCLUDE_REALIGNER.I_S2MM_REALIGNER/GEN_INCLUDE_SCATTER.I_S2MM_SCATTER/SLICE_INSERTION/storage_data_reg[4]/Q
                         net (fo=1, routed)           0.119     1.140    ps_i/axi_dma_0/U0/I_PRMRY_DATAMOVER/GEN_S2MM_FULL.I_S2MM_FULL_WRAPPER/GEN_INCLUDE_REALIGNER.I_S2MM_REALIGNER/GEN_INCLUDE_SCATTER.I_S2MM_SCATTER/I_TSTRB_FIFO/USE_SRL_FIFO.I_SYNC_FIFO/I_SRL_FIFO_RBU_F/DYNSHREG_F_I/in[9]
    SLICE_X38Y34         SRL16E                                       r  ps_i/axi_dma_0/U0/I_PRMRY_DATAMOVER/GEN_S2MM_FULL.I_S2MM_FULL_WRAPPER/GEN_INCLUDE_REALIGNER.I_S2MM_REALIGNER/GEN_INCLUDE_SCATTER.I_S2MM_SCATTER/I_TSTRB_FIFO/USE_SRL_FIFO.I_SYNC_FIFO/I_SRL_FIFO_RBU_F/DYNSHREG_F_I/INFERRED_GEN.data_reg[15][9]_srl16/D
  -------------------------------------------------------------------    -------------------

                         (clock clk_fpga_0 rise edge)
                                                      0.000     0.000 r  
    PS7_X0Y0             PS7                          0.000     0.000 r  ps_i/processing_system7_0/inst/PS7_i/FCLKCLK[0]
                         net (fo=1, routed)           0.337     0.337    ps_i/processing_system7_0/inst/FCLK_CLK_unbuffered[0]
    BUFGCTRL_X0Y16       BUFG (Prop_bufg_I_O)         0.029     0.366 r  ps_i/processing_system7_0/inst/buffer_fclk_clk_0.FCLK_CLK_0_BUFG/O
                         net (fo=7752, routed)        0.823     1.189    ps_i/axi_dma_0/U0/I_PRMRY_DATAMOVER/GEN_S2MM_FULL.I_S2MM_FULL_WRAPPER/GEN_INCLUDE_REALIGNER.I_S2MM_REALIGNER/GEN_INCLUDE_SCATTER.I_S2MM_SCATTER/I_TSTRB_FIFO/USE_SRL_FIFO.I_SYNC_FIFO/I_SRL_FIFO_RBU_F/DYNSHREG_F_I/m_axi_s2mm_aclk
    SLICE_X38Y34         SRL16E                                       r  ps_i/axi_dma_0/U0/I_PRMRY_DATAMOVER/GEN_S2MM_FULL.I_S2MM_FULL_WRAPPER/GEN_INCLUDE_REALIGNER.I_S2MM_REALIGNER/GEN_INCLUDE_SCATTER.I_S2MM_SCATTER/I_TSTRB_FIFO/USE_SRL_FIFO.I_SYNC_FIFO/I_SRL_FIFO_RBU_F/DYNSHREG_F_I/INFERRED_GEN.data_reg[15][9]_srl16/CLK
                         clock pessimism             -0.263     0.926    
    SLICE_X38Y34         SRL16E (Hold_srl16e_CLK_D)
                                                      0.129     1.055    ps_i/axi_dma_0/U0/I_PRMRY_DATAMOVER/GEN_S2MM_FULL.I_S2MM_FULL_WRAPPER/GEN_INCLUDE_REALIGNER.I_S2MM_REALIGNER/GEN_INCLUDE_SCATTER.I_S2MM_SCATTER/I_TSTRB_FIFO/USE_SRL_FIFO.I_SYNC_FIFO/I_SRL_FIFO_RBU_F/DYNSHREG_F_I/INFERRED_GEN.data_reg[15][9]_srl16
  -------------------------------------------------------------------
                         required time                         -1.054    
                         arrival time                           1.140    
  -------------------------------------------------------------------
                         slack                                  0.086    

Slack (MET) :             0.087ns  (arrival time - required time)
  Source:                 ps_i/ps7_0_axi_periph/xbar/inst/gen_sasd.crossbar_sasd_0/reg_slice_r/m_payload_i_reg[12]/C
                            (rising edge-triggered cell FDRE clocked by clk_fpga_0  {rise@0.000ns fall@5.000ns period=10.000ns})
  Destination:            ps_i/ps7_0_axi_periph/s00_couplers/auto_pc/inst/gen_axilite.gen_b2s_conv.axilite_b2s/RD.r_channel_0/rd_data_fifo_0/memory_reg[31][9]_srl32/D
                            (rising edge-triggered cell SRLC32E clocked by clk_fpga_0  {rise@0.000ns fall@5.000ns period=10.000ns})
  Path Group:             clk_fpga_0
  Path Type:              Hold (Min at Fast Process Corner)
  Requirement:            0.000ns  (clk_fpga_0 rise@0.000ns - clk_fpga_0 rise@0.000ns)
  Data Path Delay:        0.283ns  (logic 0.141ns (49.892%)  route 0.142ns (50.108%))
  Logic Levels:           0  
  Clock Path Skew:        0.013ns (DCD - SCD - CPR)
    Destination Clock Delay (DCD):    1.189ns
    Source Clock Delay      (SCD):    0.891ns
    Clock Pessimism Removal (CPR):    0.285ns

    Location             Delay type                Incr(ns)  Path(ns)    Netlist Resource(s)
  -------------------------------------------------------------------    -------------------
                         (clock clk_fpga_0 rise edge)
                                                      0.000     0.000 r  
    PS7_X0Y0             PS7                          0.000     0.000 r  ps_i/processing_system7_0/inst/PS7_i/FCLKCLK[0]
                         net (fo=1, routed)           0.310     0.310    ps_i/processing_system7_0/inst/FCLK_CLK_unbuffered[0]
    BUFGCTRL_X0Y16       BUFG (Prop_bufg_I_O)         0.026     0.336 r  ps_i/processing_system7_0/inst/buffer_fclk_clk_0.FCLK_CLK_0_BUFG/O
                         net (fo=7752, routed)        0.555     0.891    ps_i/ps7_0_axi_periph/xbar/inst/gen_sasd.crossbar_sasd_0/reg_slice_r/aclk
    SLICE_X39Y91         FDRE                                         r  ps_i/ps7_0_axi_periph/xbar/inst/gen_sasd.crossbar_sasd_0/reg_slice_r/m_payload_i_reg[12]/C
  -------------------------------------------------------------------    -------------------
    SLICE_X39Y91         FDRE (Prop_fdre_C_Q)         0.141     1.032 r  ps_i/ps7_0_axi_periph/xbar/inst/gen_sasd.crossbar_sasd_0/reg_slice_r/m_payload_i_reg[12]/Q
                         net (fo=1, routed)           0.142     1.173    ps_i/ps7_0_axi_periph/s00_couplers/auto_pc/inst/gen_axilite.gen_b2s_conv.axilite_b2s/RD.r_channel_0/rd_data_fifo_0/in[9]
    SLICE_X38Y91         SRLC32E                                      r  ps_i/ps7_0_axi_periph/s00_couplers/auto_pc/inst/gen_axilite.gen_b2s_conv.axilite_b2s/RD.r_channel_0/rd_data_fifo_0/memory_reg[31][9]_srl32/D
  -------------------------------------------------------------------    -------------------

                         (clock clk_fpga_0 rise edge)
                                                      0.000     0.000 r  
    PS7_X0Y0             PS7                          0.000     0.000 r  ps_i/processing_system7_0/inst/PS7_i/FCLKCLK[0]
                         net (fo=1, routed)           0.337     0.337    ps_i/processing_system7_0/inst/FCLK_CLK_unbuffered[0]
    BUFGCTRL_X0Y16       BUFG (Prop_bufg_I_O)         0.029     0.366 r  ps_i/processing_system7_0/inst/buffer_fclk_clk_0.FCLK_CLK_0_BUFG/O
                         net (fo=7752, routed)        0.823     1.189    ps_i/ps7_0_axi_periph/s00_couplers/auto_pc/inst/gen_axilite.gen_b2s_conv.axilite_b2s/RD.r_channel_0/rd_data_fifo_0/aclk
    SLICE_X38Y91         SRLC32E                                      r  ps_i/ps7_0_axi_periph/s00_couplers/auto_pc/inst/gen_axilite.gen_b2s_conv.axilite_b2s/RD.r_channel_0/rd_data_fifo_0/memory_reg[31][9]_srl32/CLK
                         clock pessimism             -0.285     0.904    
    SLICE_X38Y91         SRLC32E (Hold_srlc32e_CLK_D)
                                                      0.183     1.087    ps_i/ps7_0_axi_periph/s00_couplers/auto_pc/inst/gen_axilite.gen_b2s_conv.axilite_b2s/RD.r_channel_0/rd_data_fifo_0/memory_reg[31][9]_srl32
  -------------------------------------------------------------------
                         required time                         -1.087    
                         arrival time                           1.173    
  -------------------------------------------------------------------
                         slack                                  0.087    

Slack (MET) :             0.092ns  (arrival time - required time)
  Source:                 ps_i/axi_smc/inst/s00_entry_pipeline/s00_mmu/inst/aw_reg_stall/m_vector_i_reg[1079]/C
                            (rising edge-triggered cell FDRE clocked by clk_fpga_0  {rise@0.000ns fall@5.000ns period=10.000ns})
  Destination:            ps_i/axi_smc/inst/s00_nodes/s00_aw_node/inst/inst_mi_handler/gen_normal_area.inst_fifo_node_payld/gen_xpm_memory_fifo.inst_fifo/gen_mem_rep[0].inst_xpm_memory/xpm_memory_base_inst/gen_wr_a.gen_word_narrow.mem_reg_0_31_108_113/RAMC/I
                            (rising edge-triggered cell RAMD32 clocked by clk_fpga_0  {rise@0.000ns fall@5.000ns period=10.000ns})
  Path Group:             clk_fpga_0
  Path Type:              Hold (Min at Fast Process Corner)
  Requirement:            0.000ns  (clk_fpga_0 rise@0.000ns - clk_fpga_0 rise@0.000ns)
  Data Path Delay:        0.249ns  (logic 0.141ns (56.528%)  route 0.108ns (43.472%))
  Logic Levels:           0  
  Clock Path Skew:        0.013ns (DCD - SCD - CPR)
    Destination Clock Delay (DCD):    1.226ns
    Source Clock Delay      (SCD):    0.928ns
    Clock Pessimism Removal (CPR):    0.285ns

    Location             Delay type                Incr(ns)  Path(ns)    Netlist Resource(s)
  -------------------------------------------------------------------    -------------------
                         (clock clk_fpga_0 rise edge)
                                                      0.000     0.000 r  
    PS7_X0Y0             PS7                          0.000     0.000 r  ps_i/processing_system7_0/inst/PS7_i/FCLKCLK[0]
                         net (fo=1, routed)           0.310     0.310    ps_i/processing_system7_0/inst/FCLK_CLK_unbuffered[0]
    BUFGCTRL_X0Y16       BUFG (Prop_bufg_I_O)         0.026     0.336 r  ps_i/processing_system7_0/inst/buffer_fclk_clk_0.FCLK_CLK_0_BUFG/O
                         net (fo=7752, routed)        0.592     0.928    ps_i/axi_smc/inst/s00_entry_pipeline/s00_mmu/inst/aw_reg_stall/aclk
    SLICE_X27Y47         FDRE                                         r  ps_i/axi_smc/inst/s00_entry_pipeline/s00_mmu/inst/aw_reg_stall/m_vector_i_reg[1079]/C
  -------------------------------------------------------------------    -------------------
    SLICE_X27Y47         FDRE (Prop_fdre_C_Q)         0.141     1.069 r  ps_i/axi_smc/inst/s00_entry_pipeline/s00_mmu/inst/aw_reg_stall/m_vector_i_reg[1079]/Q
                         net (fo=1, routed)           0.108     1.177    ps_i/axi_smc/inst/s00_nodes/s00_aw_node/inst/inst_mi_handler/gen_normal_area.inst_fifo_node_payld/gen_xpm_memory_fifo.inst_fifo/gen_mem_rep[0].inst_xpm_memory/xpm_memory_base_inst/gen_wr_a.gen_word_narrow.mem_reg_0_31_108_113/DIC0
    SLICE_X26Y47         RAMD32                                       r  ps_i/axi_smc/inst/s00_nodes/s00_aw_node/inst/inst_mi_handler/gen_normal_area.inst_fifo_node_payld/gen_xpm_memory_fifo.inst_fifo/gen_mem_rep[0].inst_xpm_memory/xpm_memory_base_inst/gen_wr_a.gen_word_narrow.mem_reg_0_31_108_113/RAMC/I
  -------------------------------------------------------------------    -------------------

                         (clock clk_fpga_0 rise edge)
                                                      0.000     0.000 r  
    PS7_X0Y0             PS7                          0.000     0.000 r  ps_i/processing_system7_0/inst/PS7_i/FCLKCLK[0]
                         net (fo=1, routed)           0.337     0.337    ps_i/processing_system7_0/inst/FCLK_CLK_unbuffered[0]
    BUFGCTRL_X0Y16       BUFG (Prop_bufg_I_O)         0.029     0.366 r  ps_i/processing_system7_0/inst/buffer_fclk_clk_0.FCLK_CLK_0_BUFG/O
                         net (fo=7752, routed)        0.860     1.226    ps_i/axi_smc/inst/s00_nodes/s00_aw_node/inst/inst_mi_handler/gen_normal_area.inst_fifo_node_payld/gen_xpm_memory_fifo.inst_fifo/gen_mem_rep[0].inst_xpm_memory/xpm_memory_base_inst/gen_wr_a.gen_word_narrow.mem_reg_0_31_108_113/WCLK
    SLICE_X26Y47         RAMD32                                       r  ps_i/axi_smc/inst/s00_nodes/s00_aw_node/inst/inst_mi_handler/gen_normal_area.inst_fifo_node_payld/gen_xpm_memory_fifo.inst_fifo/gen_mem_rep[0].inst_xpm_memory/xpm_memory_base_inst/gen_wr_a.gen_word_narrow.mem_reg_0_31_108_113/RAMC/CLK
                         clock pessimism             -0.285     0.941    
    SLICE_X26Y47         RAMD32 (Hold_ramd32_CLK_I)
                                                      0.144     1.085    ps_i/axi_smc/inst/s00_nodes/s00_aw_node/inst/inst_mi_handler/gen_normal_area.inst_fifo_node_payld/gen_xpm_memory_fifo.inst_fifo/gen_mem_rep[0].inst_xpm_memory/xpm_memory_base_inst/gen_wr_a.gen_word_narrow.mem_reg_0_31_108_113/RAMC
  -------------------------------------------------------------------
                         required time                         -1.085    
                         arrival time                           1.177    
  -------------------------------------------------------------------
                         slack                                  0.092    

Slack (MET) :             0.095ns  (arrival time - required time)
  Source:                 ps_i/ps7_0_axi_periph/s00_couplers/auto_pc/inst/gen_axilite.gen_b2s_conv.axilite_b2s/WR.aw_channel_0/s_awid_r_reg[7]/C
                            (rising edge-triggered cell FDRE clocked by clk_fpga_0  {rise@0.000ns fall@5.000ns period=10.000ns})
  Destination:            ps_i/ps7_0_axi_periph/s00_couplers/auto_pc/inst/gen_axilite.gen_b2s_conv.axilite_b2s/WR.b_channel_0/bid_fifo_0/memory_reg[3][15]_srl4/D
                            (rising edge-triggered cell SRL16E clocked by clk_fpga_0  {rise@0.000ns fall@5.000ns period=10.000ns})
  Path Group:             clk_fpga_0
  Path Type:              Hold (Min at Fast Process Corner)
  Requirement:            0.000ns  (clk_fpga_0 rise@0.000ns - clk_fpga_0 rise@0.000ns)
  Data Path Delay:        0.238ns  (logic 0.128ns (53.704%)  route 0.110ns (46.296%))
  Logic Levels:           0  
  Clock Path Skew:        0.013ns (DCD - SCD - CPR)
    Destination Clock Delay (DCD):    1.296ns
    Source Clock Delay      (SCD):    0.994ns
    Clock Pessimism Removal (CPR):    0.289ns

    Location             Delay type                Incr(ns)  Path(ns)    Netlist Resource(s)
  -------------------------------------------------------------------    -------------------
                         (clock clk_fpga_0 rise edge)
                                                      0.000     0.000 r  
    PS7_X0Y0             PS7                          0.000     0.000 r  ps_i/processing_system7_0/inst/PS7_i/FCLKCLK[0]
                         net (fo=1, routed)           0.310     0.310    ps_i/processing_system7_0/inst/FCLK_CLK_unbuffered[0]
    BUFGCTRL_X0Y16       BUFG (Prop_bufg_I_O)         0.026     0.336 r  ps_i/processing_system7_0/inst/buffer_fclk_clk_0.FCLK_CLK_0_BUFG/O
                         net (fo=7752, routed)        0.658     0.994    ps_i/ps7_0_axi_periph/s00_couplers/auto_pc/inst/gen_axilite.gen_b2s_conv.axilite_b2s/WR.aw_channel_0/aclk
    SLICE_X31Y104        FDRE                                         r  ps_i/ps7_0_axi_periph/s00_couplers/auto_pc/inst/gen_axilite.gen_b2s_conv.axilite_b2s/WR.aw_channel_0/s_awid_r_reg[7]/C
  -------------------------------------------------------------------    -------------------
    SLICE_X31Y104        FDRE (Prop_fdre_C_Q)         0.128     1.122 r  ps_i/ps7_0_axi_periph/s00_couplers/auto_pc/inst/gen_axilite.gen_b2s_conv.axilite_b2s/WR.aw_channel_0/s_awid_r_reg[7]/Q
                         net (fo=1, routed)           0.110     1.232    ps_i/ps7_0_axi_periph/s00_couplers/auto_pc/inst/gen_axilite.gen_b2s_conv.axilite_b2s/WR.b_channel_0/bid_fifo_0/in[11]
    SLICE_X30Y104        SRL16E                                       r  ps_i/ps7_0_axi_periph/s00_couplers/auto_pc/inst/gen_axilite.gen_b2s_conv.axilite_b2s/WR.b_channel_0/bid_fifo_0/memory_reg[3][15]_srl4/D
  -------------------------------------------------------------------    -------------------

                         (clock clk_fpga_0 rise edge)
                                                      0.000     0.000 r  
    PS7_X0Y0             PS7                          0.000     0.000 r  ps_i/processing_system7_0/inst/PS7_i/FCLKCLK[0]
                         net (fo=1, routed)           0.337     0.337    ps_i/processing_system7_0/inst/FCLK_CLK_unbuffered[0]
    BUFGCTRL_X0Y16       BUFG (Prop_bufg_I_O)         0.029     0.366 r  ps_i/processing_system7_0/inst/buffer_fclk_clk_0.FCLK_CLK_0_BUFG/O
                         net (fo=7752, routed)        0.930     1.296    ps_i/ps7_0_axi_periph/s00_couplers/auto_pc/inst/gen_axilite.gen_b2s_conv.axilite_b2s/WR.b_channel_0/bid_fifo_0/aclk
    SLICE_X30Y104        SRL16E                                       r  ps_i/ps7_0_axi_periph/s00_couplers/auto_pc/inst/gen_axilite.gen_b2s_conv.axilite_b2s/WR.b_channel_0/bid_fifo_0/memory_reg[3][15]_srl4/CLK
                         clock pessimism             -0.289     1.007    
    SLICE_X30Y104        SRL16E (Hold_srl16e_CLK_D)
                                                      0.130     1.137    ps_i/ps7_0_axi_periph/s00_couplers/auto_pc/inst/gen_axilite.gen_b2s_conv.axilite_b2s/WR.b_channel_0/bid_fifo_0/memory_reg[3][15]_srl4
  -------------------------------------------------------------------
                         required time                         -1.137    
                         arrival time                           1.232    
  -------------------------------------------------------------------
                         slack                                  0.095    

Slack (MET) :             0.097ns  (arrival time - required time)
  Source:                 ps_i/axi_dma_0/U0/I_PRMRY_DATAMOVER/GEN_S2MM_FULL.I_S2MM_FULL_WRAPPER/GEN_INCLUDE_IBTTCC.I_S2MM_MSTR_IBTTCC/sig_realign_btt_reg_reg[6]/C
                            (rising edge-triggered cell FDRE clocked by clk_fpga_0  {rise@0.000ns fall@5.000ns period=10.000ns})
  Destination:            ps_i/axi_dma_0/U0/I_PRMRY_DATAMOVER/GEN_S2MM_FULL.I_S2MM_FULL_WRAPPER/GEN_INCLUDE_REALIGNER.I_S2MM_REALIGNER/I_DRE_CNTL_FIFO/USE_SRL_FIFO.I_SYNC_FIFO/I_SRL_FIFO_RBU_F/DYNSHREG_F_I/INFERRED_GEN.data_reg[3][18]_srl4/D
                            (rising edge-triggered cell SRL16E clocked by clk_fpga_0  {rise@0.000ns fall@5.000ns period=10.000ns})
  Path Group:             clk_fpga_0
  Path Type:              Hold (Min at Fast Process Corner)
  Requirement:            0.000ns  (clk_fpga_0 rise@0.000ns - clk_fpga_0 rise@0.000ns)
  Data Path Delay:        0.242ns  (logic 0.128ns (52.975%)  route 0.114ns (47.025%))
  Logic Levels:           0  
  Clock Path Skew:        0.016ns (DCD - SCD - CPR)
    Destination Clock Delay (DCD):    1.194ns
    Source Clock Delay      (SCD):    0.897ns
    Clock Pessimism Removal (CPR):    0.281ns

    Location             Delay type                Incr(ns)  Path(ns)    Netlist Resource(s)
  -------------------------------------------------------------------    -------------------
                         (clock clk_fpga_0 rise edge)
                                                      0.000     0.000 r  
    PS7_X0Y0             PS7                          0.000     0.000 r  ps_i/processing_system7_0/inst/PS7_i/FCLKCLK[0]
                         net (fo=1, routed)           0.310     0.310    ps_i/processing_system7_0/inst/FCLK_CLK_unbuffered[0]
    BUFGCTRL_X0Y16       BUFG (Prop_bufg_I_O)         0.026     0.336 r  ps_i/processing_system7_0/inst/buffer_fclk_clk_0.FCLK_CLK_0_BUFG/O
                         net (fo=7752, routed)        0.561     0.897    ps_i/axi_dma_0/U0/I_PRMRY_DATAMOVER/GEN_S2MM_FULL.I_S2MM_FULL_WRAPPER/GEN_INCLUDE_IBTTCC.I_S2MM_MSTR_IBTTCC/m_axi_s2mm_aclk
    SLICE_X47Y41         FDRE                                         r  ps_i/axi_dma_0/U0/I_PRMRY_DATAMOVER/GEN_S2MM_FULL.I_S2MM_FULL_WRAPPER/GEN_INCLUDE_IBTTCC.I_S2MM_MSTR_IBTTCC/sig_realign_btt_reg_reg[6]/C
  -------------------------------------------------------------------    -------------------
    SLICE_X47Y41         FDRE (Prop_fdre_C_Q)         0.128     1.025 r  ps_i/axi_dma_0/U0/I_PRMRY_DATAMOVER/GEN_S2MM_FULL.I_S2MM_FULL_WRAPPER/GEN_INCLUDE_IBTTCC.I_S2MM_MSTR_IBTTCC/sig_realign_btt_reg_reg[6]/Q
                         net (fo=1, routed)           0.114     1.138    ps_i/axi_dma_0/U0/I_PRMRY_DATAMOVER/GEN_S2MM_FULL.I_S2MM_FULL_WRAPPER/GEN_INCLUDE_REALIGNER.I_S2MM_REALIGNER/I_DRE_CNTL_FIFO/USE_SRL_FIFO.I_SYNC_FIFO/I_SRL_FIFO_RBU_F/DYNSHREG_F_I/in[6]
    SLICE_X46Y40         SRL16E                                       r  ps_i/axi_dma_0/U0/I_PRMRY_DATAMOVER/GEN_S2MM_FULL.I_S2MM_FULL_WRAPPER/GEN_INCLUDE_REALIGNER.I_S2MM_REALIGNER/I_DRE_CNTL_FIFO/USE_SRL_FIFO.I_SYNC_FIFO/I_SRL_FIFO_RBU_F/DYNSHREG_F_I/INFERRED_GEN.data_reg[3][18]_srl4/D
  -------------------------------------------------------------------    -------------------

                         (clock clk_fpga_0 rise edge)
                                                      0.000     0.000 r  
    PS7_X0Y0             PS7                          0.000     0.000 r  ps_i/processing_system7_0/inst/PS7_i/FCLKCLK[0]
                         net (fo=1, routed)           0.337     0.337    ps_i/processing_system7_0/inst/FCLK_CLK_unbuffered[0]
    BUFGCTRL_X0Y16       BUFG (Prop_bufg_I_O)         0.029     0.366 r  ps_i/processing_system7_0/inst/buffer_fclk_clk_0.FCLK_CLK_0_BUFG/O
                         net (fo=7752, routed)        0.828     1.194    ps_i/axi_dma_0/U0/I_PRMRY_DATAMOVER/GEN_S2MM_FULL.I_S2MM_FULL_WRAPPER/GEN_INCLUDE_REALIGNER.I_S2MM_REALIGNER/I_DRE_CNTL_FIFO/USE_SRL_FIFO.I_SYNC_FIFO/I_SRL_FIFO_RBU_F/DYNSHREG_F_I/m_axi_s2mm_aclk
    SLICE_X46Y40         SRL16E                                       r  ps_i/axi_dma_0/U0/I_PRMRY_DATAMOVER/GEN_S2MM_FULL.I_S2MM_FULL_WRAPPER/GEN_INCLUDE_REALIGNER.I_S2MM_REALIGNER/I_DRE_CNTL_FIFO/USE_SRL_FIFO.I_SYNC_FIFO/I_SRL_FIFO_RBU_F/DYNSHREG_F_I/INFERRED_GEN.data_reg[3][18]_srl4/CLK
                         clock pessimism             -0.281     0.913    
    SLICE_X46Y40         SRL16E (Hold_srl16e_CLK_D)
                                                      0.129     1.042    ps_i/axi_dma_0/U0/I_PRMRY_DATAMOVER/GEN_S2MM_FULL.I_S2MM_FULL_WRAPPER/GEN_INCLUDE_REALIGNER.I_S2MM_REALIGNER/I_DRE_CNTL_FIFO/USE_SRL_FIFO.I_SYNC_FIFO/I_SRL_FIFO_RBU_F/DYNSHREG_F_I/INFERRED_GEN.data_reg[3][18]_srl4
  -------------------------------------------------------------------
                         required time                         -1.042    
                         arrival time                           1.138    
  -------------------------------------------------------------------
                         slack                                  0.097    

Slack (MET) :             0.097ns  (arrival time - required time)
  Source:                 ps_i/axi_dma_0/U0/I_PRMRY_DATAMOVER/GEN_S2MM_FULL.I_S2MM_FULL_WRAPPER/GEN_ENABLE_INDET_BTT_SF.I_INDET_BTT/sig_byte_cntr_reg[2]/C
                            (rising edge-triggered cell FDRE clocked by clk_fpga_0  {rise@0.000ns fall@5.000ns period=10.000ns})
  Destination:            ps_i/axi_dma_0/U0/I_PRMRY_DATAMOVER/GEN_S2MM_FULL.I_S2MM_FULL_WRAPPER/GEN_ENABLE_INDET_BTT_SF.I_INDET_BTT/I_XD_FIFO/NON_BLK_MEM.I_SYNC_FIFOGEN_FIFO/xpm_fifo_instance.xpm_fifo_sync_inst/xpm_fifo_base_inst/gen_sdpram.xpm_memory_base_inst/gen_wr_a.gen_word_narrow.mem_reg_0_15_0_5/RAMB/I
                            (rising edge-triggered cell RAMD32 clocked by clk_fpga_0  {rise@0.000ns fall@5.000ns period=10.000ns})
  Path Group:             clk_fpga_0
  Path Type:              Hold (Min at Fast Process Corner)
  Requirement:            0.000ns  (clk_fpga_0 rise@0.000ns - clk_fpga_0 rise@0.000ns)
  Data Path Delay:        0.260ns  (logic 0.141ns (54.255%)  route 0.119ns (45.745%))
  Logic Levels:           0  
  Clock Path Skew:        0.017ns (DCD - SCD - CPR)
    Destination Clock Delay (DCD):    1.193ns
    Source Clock Delay      (SCD):    0.895ns
    Clock Pessimism Removal (CPR):    0.281ns

    Location             Delay type                Incr(ns)  Path(ns)    Netlist Resource(s)
  -------------------------------------------------------------------    -------------------
                         (clock clk_fpga_0 rise edge)
                                                      0.000     0.000 r  
    PS7_X0Y0             PS7                          0.000     0.000 r  ps_i/processing_system7_0/inst/PS7_i/FCLKCLK[0]
                         net (fo=1, routed)           0.310     0.310    ps_i/processing_system7_0/inst/FCLK_CLK_unbuffered[0]
    BUFGCTRL_X0Y16       BUFG (Prop_bufg_I_O)         0.026     0.336 r  ps_i/processing_system7_0/inst/buffer_fclk_clk_0.FCLK_CLK_0_BUFG/O
                         net (fo=7752, routed)        0.559     0.895    ps_i/axi_dma_0/U0/I_PRMRY_DATAMOVER/GEN_S2MM_FULL.I_S2MM_FULL_WRAPPER/GEN_ENABLE_INDET_BTT_SF.I_INDET_BTT/m_axi_s2mm_aclk
    SLICE_X37Y37         FDRE                                         r  ps_i/axi_dma_0/U0/I_PRMRY_DATAMOVER/GEN_S2MM_FULL.I_S2MM_FULL_WRAPPER/GEN_ENABLE_INDET_BTT_SF.I_INDET_BTT/sig_byte_cntr_reg[2]/C
  -------------------------------------------------------------------    -------------------
    SLICE_X37Y37         FDRE (Prop_fdre_C_Q)         0.141     1.036 r  ps_i/axi_dma_0/U0/I_PRMRY_DATAMOVER/GEN_S2MM_FULL.I_S2MM_FULL_WRAPPER/GEN_ENABLE_INDET_BTT_SF.I_INDET_BTT/sig_byte_cntr_reg[2]/Q
                         net (fo=2, routed)           0.119     1.154    ps_i/axi_dma_0/U0/I_PRMRY_DATAMOVER/GEN_S2MM_FULL.I_S2MM_FULL_WRAPPER/GEN_ENABLE_INDET_BTT_SF.I_INDET_BTT/I_XD_FIFO/NON_BLK_MEM.I_SYNC_FIFOGEN_FIFO/xpm_fifo_instance.xpm_fifo_sync_inst/xpm_fifo_base_inst/gen_sdpram.xpm_memory_base_inst/gen_wr_a.gen_word_narrow.mem_reg_0_15_0_5/DIB0
    SLICE_X36Y38         RAMD32                                       r  ps_i/axi_dma_0/U0/I_PRMRY_DATAMOVER/GEN_S2MM_FULL.I_S2MM_FULL_WRAPPER/GEN_ENABLE_INDET_BTT_SF.I_INDET_BTT/I_XD_FIFO/NON_BLK_MEM.I_SYNC_FIFOGEN_FIFO/xpm_fifo_instance.xpm_fifo_sync_inst/xpm_fifo_base_inst/gen_sdpram.xpm_memory_base_inst/gen_wr_a.gen_word_narrow.mem_reg_0_15_0_5/RAMB/I
  -------------------------------------------------------------------    -------------------

                         (clock clk_fpga_0 rise edge)
                                                      0.000     0.000 r  
    PS7_X0Y0             PS7                          0.000     0.000 r  ps_i/processing_system7_0/inst/PS7_i/FCLKCLK[0]
                         net (fo=1, routed)           0.337     0.337    ps_i/processing_system7_0/inst/FCLK_CLK_unbuffered[0]
    BUFGCTRL_X0Y16       BUFG (Prop_bufg_I_O)         0.029     0.366 r  ps_i/processing_system7_0/inst/buffer_fclk_clk_0.FCLK_CLK_0_BUFG/O
                         net (fo=7752, routed)        0.827     1.193    ps_i/axi_dma_0/U0/I_PRMRY_DATAMOVER/GEN_S2MM_FULL.I_S2MM_FULL_WRAPPER/GEN_ENABLE_INDET_BTT_SF.I_INDET_BTT/I_XD_FIFO/NON_BLK_MEM.I_SYNC_FIFOGEN_FIFO/xpm_fifo_instance.xpm_fifo_sync_inst/xpm_fifo_base_inst/gen_sdpram.xpm_memory_base_inst/gen_wr_a.gen_word_narrow.mem_reg_0_15_0_5/WCLK
    SLICE_X36Y38         RAMD32                                       r  ps_i/axi_dma_0/U0/I_PRMRY_DATAMOVER/GEN_S2MM_FULL.I_S2MM_FULL_WRAPPER/GEN_ENABLE_INDET_BTT_SF.I_INDET_BTT/I_XD_FIFO/NON_BLK_MEM.I_SYNC_FIFOGEN_FIFO/xpm_fifo_instance.xpm_fifo_sync_inst/xpm_fifo_base_inst/gen_sdpram.xpm_memory_base_inst/gen_wr_a.gen_word_narrow.mem_reg_0_15_0_5/RAMB/CLK
                         clock pessimism             -0.281     0.912    
    SLICE_X36Y38         RAMD32 (Hold_ramd32_CLK_I)
                                                      0.146     1.058    ps_i/axi_dma_0/U0/I_PRMRY_DATAMOVER/GEN_S2MM_FULL.I_S2MM_FULL_WRAPPER/GEN_ENABLE_INDET_BTT_SF.I_INDET_BTT/I_XD_FIFO/NON_BLK_MEM.I_SYNC_FIFOGEN_FIFO/xpm_fifo_instance.xpm_fifo_sync_inst/xpm_fifo_base_inst/gen_sdpram.xpm_memory_base_inst/gen_wr_a.gen_word_narrow.mem_reg_0_15_0_5/RAMB
  -------------------------------------------------------------------
                         required time                         -1.058    
                         arrival time                           1.154    
  -------------------------------------------------------------------
                         slack                                  0.097    





Pulse Width Checks
--------------------------------------------------------------------------------------
Clock Name:         clk_fpga_0
Waveform(ns):       { 0.000 5.000 }
Period(ns):         10.000
Sources:            { ps_i/processing_system7_0/inst/PS7_i/FCLKCLK[0] }

Check Type        Corner  Lib Pin             Reference Pin  Required(ns)  Actual(ns)  Slack(ns)  Location      Pin
Min Period        n/a     RAMB36E1/CLKARDCLK  n/a            2.472         10.000      7.528      RAMB36_X3Y6   ps_i/axis_data_fifo_0/inst/gen_fifo.xpm_fifo_axis_inst/xpm_fifo_base_inst/gen_sdpram.xpm_memory_base_inst/gen_wr_a.gen_word_narrow.mem_reg_12/CLKARDCLK
Min Period        n/a     RAMB36E1/CLKARDCLK  n/a            2.472         10.000      7.528      RAMB36_X1Y1   ps_i/axis_data_fifo_0/inst/gen_fifo.xpm_fifo_axis_inst/xpm_fifo_base_inst/gen_sdpram.xpm_memory_base_inst/gen_wr_a.gen_word_narrow.mem_reg_18/CLKARDCLK
Min Period        n/a     RAMB36E1/CLKARDCLK  n/a            2.472         10.000      7.528      RAMB36_X0Y8   ps_i/axis_data_fifo_0/inst/gen_fifo.xpm_fifo_axis_inst/xpm_fifo_base_inst/gen_sdpram.xpm_memory_base_inst/gen_wr_a.gen_word_narrow.mem_reg_23/CLKARDCLK
Min Period        n/a     RAMB36E1/CLKARDCLK  n/a            2.472         10.000      7.528      RAMB36_X3Y8   ps_i/axis_data_fifo_0/inst/gen_fifo.xpm_fifo_axis_inst/xpm_fifo_base_inst/gen_sdpram.xpm_memory_base_inst/gen_wr_a.gen_word_narrow.mem_reg_29/CLKARDCLK
Min Period        n/a     RAMB36E1/CLKARDCLK  n/a            2.472         10.000      7.528      RAMB36_X1Y8   ps_i/axis_data_fifo_0/inst/gen_fifo.xpm_fifo_axis_inst/xpm_fifo_base_inst/gen_sdpram.xpm_memory_base_inst/gen_wr_a.gen_word_narrow.mem_reg_5/CLKARDCLK
Min Period        n/a     RAMB36E1/CLKARDCLK  n/a            2.472         10.000      7.528      RAMB36_X0Y5   ps_i/axis_data_fifo_0/inst/gen_fifo.xpm_fifo_axis_inst/xpm_fifo_base_inst/gen_sdpram.xpm_memory_base_inst/gen_wr_a.gen_word_narrow.mem_reg_13/CLKARDCLK
Min Period        n/a     RAMB36E1/CLKARDCLK  n/a            2.472         10.000      7.528      RAMB36_X1Y2   ps_i/axis_data_fifo_0/inst/gen_fifo.xpm_fifo_axis_inst/xpm_fifo_base_inst/gen_sdpram.xpm_memory_base_inst/gen_wr_a.gen_word_narrow.mem_reg_19/CLKARDCLK
Min Period        n/a     RAMB36E1/CLKARDCLK  n/a            2.472         10.000      7.528      RAMB36_X3Y1   ps_i/axis_data_fifo_0/inst/gen_fifo.xpm_fifo_axis_inst/xpm_fifo_base_inst/gen_sdpram.xpm_memory_base_inst/gen_wr_a.gen_word_narrow.mem_reg_24/CLKARDCLK
Min Period        n/a     RAMB36E1/CLKARDCLK  n/a            2.472         10.000      7.528      RAMB36_X1Y5   ps_i/axis_data_fifo_0/inst/gen_fifo.xpm_fifo_axis_inst/xpm_fifo_base_inst/gen_sdpram.xpm_memory_base_inst/gen_wr_a.gen_word_narrow.mem_reg_3/CLKARDCLK
Min Period        n/a     RAMB36E1/CLKARDCLK  n/a            2.472         10.000      7.528      RAMB36_X1Y9   ps_i/axis_data_fifo_0/inst/gen_fifo.xpm_fifo_axis_inst/xpm_fifo_base_inst/gen_sdpram.xpm_memory_base_inst/gen_wr_a.gen_word_narrow.mem_reg_6/CLKARDCLK
Low Pulse Width   Slow    RAMD32/CLK          n/a            1.130         5.000       3.870      SLICE_X22Y34  ps_i/axi_smc/inst/s00_nodes/s00_b_node/inst/inst_mi_handler/gen_normal_area.inst_fifo_node_payld/gen_xpm_memory_fifo.inst_fifo/gen_mem_rep[0].inst_xpm_memory/xpm_memory_base_inst/gen_wr_a.gen_word_narrow.mem_reg_0_31_0_5/RAMA/CLK
Low Pulse Width   Fast    RAMD32/CLK          n/a            1.130         5.000       3.870      SLICE_X22Y34  ps_i/axi_smc/inst/s00_nodes/s00_b_node/inst/inst_mi_handler/gen_normal_area.inst_fifo_node_payld/gen_xpm_memory_fifo.inst_fifo/gen_mem_rep[0].inst_xpm_memory/xpm_memory_base_inst/gen_wr_a.gen_word_narrow.mem_reg_0_31_0_5/RAMA/CLK
Low Pulse Width   Slow    RAMD32/CLK          n/a            1.130         5.000       3.870      SLICE_X22Y34  ps_i/axi_smc/inst/s00_nodes/s00_b_node/inst/inst_mi_handler/gen_normal_area.inst_fifo_node_payld/gen_xpm_memory_fifo.inst_fifo/gen_mem_rep[0].inst_xpm_memory/xpm_memory_base_inst/gen_wr_a.gen_word_narrow.mem_reg_0_31_0_5/RAMA_D1/CLK
Low Pulse Width   Fast    RAMD32/CLK          n/a            1.130         5.000       3.870      SLICE_X22Y34  ps_i/axi_smc/inst/s00_nodes/s00_b_node/inst/inst_mi_handler/gen_normal_area.inst_fifo_node_payld/gen_xpm_memory_fifo.inst_fifo/gen_mem_rep[0].inst_xpm_memory/xpm_memory_base_inst/gen_wr_a.gen_word_narrow.mem_reg_0_31_0_5/RAMA_D1/CLK
Low Pulse Width   Slow    RAMD32/CLK          n/a            1.130         5.000       3.870      SLICE_X22Y34  ps_i/axi_smc/inst/s00_nodes/s00_b_node/inst/inst_mi_handler/gen_normal_area.inst_fifo_node_payld/gen_xpm_memory_fifo.inst_fifo/gen_mem_rep[0].inst_xpm_memory/xpm_memory_base_inst/gen_wr_a.gen_word_narrow.mem_reg_0_31_0_5/RAMB/CLK
Low Pulse Width   Fast    RAMD32/CLK          n/a            1.130         5.000       3.870      SLICE_X22Y34  ps_i/axi_smc/inst/s00_nodes/s00_b_node/inst/inst_mi_handler/gen_normal_area.inst_fifo_node_payld/gen_xpm_memory_fifo.inst_fifo/gen_mem_rep[0].inst_xpm_memory/xpm_memory_base_inst/gen_wr_a.gen_word_narrow.mem_reg_0_31_0_5/RAMB/CLK
Low Pulse Width   Slow    RAMD32/CLK          n/a            1.130         5.000       3.870      SLICE_X22Y34  ps_i/axi_smc/inst/s00_nodes/s00_b_node/inst/inst_mi_handler/gen_normal_area.inst_fifo_node_payld/gen_xpm_memory_fifo.inst_fifo/gen_mem_rep[0].inst_xpm_memory/xpm_memory_base_inst/gen_wr_a.gen_word_narrow.mem_reg_0_31_0_5/RAMB_D1/CLK
Low Pulse Width   Fast    RAMD32/CLK          n/a            1.130         5.000       3.870      SLICE_X22Y34  ps_i/axi_smc/inst/s00_nodes/s00_b_node/inst/inst_mi_handler/gen_normal_area.inst_fifo_node_payld/gen_xpm_memory_fifo.inst_fifo/gen_mem_rep[0].inst_xpm_memory/xpm_memory_base_inst/gen_wr_a.gen_word_narrow.mem_reg_0_31_0_5/RAMB_D1/CLK
Low Pulse Width   Slow    RAMD32/CLK          n/a            1.130         5.000       3.870      SLICE_X22Y34  ps_i/axi_smc/inst/s00_nodes/s00_b_node/inst/inst_mi_handler/gen_normal_area.inst_fifo_node_payld/gen_xpm_memory_fifo.inst_fifo/gen_mem_rep[0].inst_xpm_memory/xpm_memory_base_inst/gen_wr_a.gen_word_narrow.mem_reg_0_31_0_5/RAMC/CLK
Low Pulse Width   Fast    RAMD32/CLK          n/a            1.130         5.000       3.870      SLICE_X22Y34  ps_i/axi_smc/inst/s00_nodes/s00_b_node/inst/inst_mi_handler/gen_normal_area.inst_fifo_node_payld/gen_xpm_memory_fifo.inst_fifo/gen_mem_rep[0].inst_xpm_memory/xpm_memory_base_inst/gen_wr_a.gen_word_narrow.mem_reg_0_31_0_5/RAMC/CLK
High Pulse Width  Slow    RAMD32/CLK          n/a            1.130         5.000       3.870      SLICE_X18Y39  ps_i/axi_smc/inst/s00_nodes/s00_w_node/inst/inst_mi_handler/gen_normal_area.inst_fifo_node_payld/gen_xpm_memory_fifo.inst_fifo/gen_mem_rep[0].inst_xpm_memory/xpm_memory_base_inst/gen_wr_a.gen_word_narrow.mem_reg_0_31_12_17/RAMA/CLK
High Pulse Width  Slow    RAMD32/CLK          n/a            1.130         5.000       3.870      SLICE_X18Y39  ps_i/axi_smc/inst/s00_nodes/s00_w_node/inst/inst_mi_handler/gen_normal_area.inst_fifo_node_payld/gen_xpm_memory_fifo.inst_fifo/gen_mem_rep[0].inst_xpm_memory/xpm_memory_base_inst/gen_wr_a.gen_word_narrow.mem_reg_0_31_12_17/RAMA_D1/CLK
High Pulse Width  Slow    RAMD32/CLK          n/a            1.130         5.000       3.870      SLICE_X18Y39  ps_i/axi_smc/inst/s00_nodes/s00_w_node/inst/inst_mi_handler/gen_normal_area.inst_fifo_node_payld/gen_xpm_memory_fifo.inst_fifo/gen_mem_rep[0].inst_xpm_memory/xpm_memory_base_inst/gen_wr_a.gen_word_narrow.mem_reg_0_31_12_17/RAMB/CLK
High Pulse Width  Slow    RAMD32/CLK          n/a            1.130         5.000       3.870      SLICE_X18Y39  ps_i/axi_smc/inst/s00_nodes/s00_w_node/inst/inst_mi_handler/gen_normal_area.inst_fifo_node_payld/gen_xpm_memory_fifo.inst_fifo/gen_mem_rep[0].inst_xpm_memory/xpm_memory_base_inst/gen_wr_a.gen_word_narrow.mem_reg_0_31_12_17/RAMB_D1/CLK
High Pulse Width  Slow    RAMD32/CLK          n/a            1.130         5.000       3.870      SLICE_X18Y39  ps_i/axi_smc/inst/s00_nodes/s00_w_node/inst/inst_mi_handler/gen_normal_area.inst_fifo_node_payld/gen_xpm_memory_fifo.inst_fifo/gen_mem_rep[0].inst_xpm_memory/xpm_memory_base_inst/gen_wr_a.gen_word_narrow.mem_reg_0_31_12_17/RAMC/CLK
High Pulse Width  Slow    RAMD32/CLK          n/a            1.130         5.000       3.870      SLICE_X18Y39  ps_i/axi_smc/inst/s00_nodes/s00_w_node/inst/inst_mi_handler/gen_normal_area.inst_fifo_node_payld/gen_xpm_memory_fifo.inst_fifo/gen_mem_rep[0].inst_xpm_memory/xpm_memory_base_inst/gen_wr_a.gen_word_narrow.mem_reg_0_31_12_17/RAMC_D1/CLK
High Pulse Width  Slow    RAMS32/CLK          n/a            1.130         5.000       3.870      SLICE_X18Y39  ps_i/axi_smc/inst/s00_nodes/s00_w_node/inst/inst_mi_handler/gen_normal_area.inst_fifo_node_payld/gen_xpm_memory_fifo.inst_fifo/gen_mem_rep[0].inst_xpm_memory/xpm_memory_base_inst/gen_wr_a.gen_word_narrow.mem_reg_0_31_12_17/RAMD/CLK
High Pulse Width  Slow    RAMS32/CLK          n/a            1.130         5.000       3.870      SLICE_X18Y39  ps_i/axi_smc/inst/s00_nodes/s00_w_node/inst/inst_mi_handler/gen_normal_area.inst_fifo_node_payld/gen_xpm_memory_fifo.inst_fifo/gen_mem_rep[0].inst_xpm_memory/xpm_memory_base_inst/gen_wr_a.gen_word_narrow.mem_reg_0_31_12_17/RAMD_D1/CLK
High Pulse Width  Slow    RAMD32/CLK          n/a            1.130         5.000       3.870      SLICE_X16Y39  ps_i/axi_smc/inst/s00_nodes/s00_w_node/inst/inst_mi_handler/gen_normal_area.inst_fifo_node_payld/gen_xpm_memory_fifo.inst_fifo/gen_mem_rep[0].inst_xpm_memory/xpm_memory_base_inst/gen_wr_a.gen_word_narrow.mem_reg_0_31_54_59/RAMA/CLK
High Pulse Width  Slow    RAMD32/CLK          n/a            1.130         5.000       3.870      SLICE_X16Y39  ps_i/axi_smc/inst/s00_nodes/s00_w_node/inst/inst_mi_handler/gen_normal_area.inst_fifo_node_payld/gen_xpm_memory_fifo.inst_fifo/gen_mem_rep[0].inst_xpm_memory/xpm_memory_base_inst/gen_wr_a.gen_word_narrow.mem_reg_0_31_54_59/RAMA_D1/CLK



---------------------------------------------------------------------------------------------------
From Clock:  clk_fs
  To Clock:  clk_fs

Setup :          171  Failing Endpoints,  Worst Slack       -1.570ns,  Total Violation     -121.835ns
Hold  :            0  Failing Endpoints,  Worst Slack        0.113ns,  Total Violation        0.000ns
PW    :            0  Failing Endpoints,  Worst Slack        1.030ns,  Total Violation        0.000ns
---------------------------------------------------------------------------------------------------


Max Delay Paths
--------------------------------------------------------------------------------------
Slack (VIOLATED) :        -1.570ns  (required time - arrival time)
  Source:                 ps_i/Counter_Core_0/inst/counter_core_inst/u_ts_engine/u_rd_ptr_cdc/gray_s2_reg[12]/C
                            (rising edge-triggered cell FDRE clocked by clk_fs  {rise@0.000ns fall@1.600ns period=3.200ns})
  Destination:            ps_i/Counter_Core_0/inst/counter_core_inst/u_ts_engine/fifo_mem_reg_2/WEA[0]
                            (rising edge-triggered cell RAMB36E1 clocked by clk_fs  {rise@0.000ns fall@1.600ns period=3.200ns})
  Path Group:             clk_fs
  Path Type:              Setup (Max at Slow Process Corner)
  Requirement:            3.200ns  (clk_fs rise@3.200ns - clk_fs rise@0.000ns)
  Data Path Delay:        4.207ns  (logic 1.239ns (29.450%)  route 2.968ns (70.550%))
  Logic Levels:           5  (CARRY4=1 LUT3=1 LUT5=1 LUT6=2)
  Clock Path Skew:        -0.052ns (DCD - SCD + CPR)
    Destination Clock Delay (DCD):    4.467ns = ( 7.667 - 3.200 ) 
    Source Clock Delay      (SCD):    4.944ns
    Clock Pessimism Removal (CPR):    0.426ns
  Clock Uncertainty:      0.035ns  ((TSJ^2 + TIJ^2)^1/2 + DJ) / 2 + PE
    Total System Jitter     (TSJ):    0.071ns
    Total Input Jitter      (TIJ):    0.000ns
    Discrete Jitter          (DJ):    0.000ns
    Phase Error              (PE):    0.000ns

    Location             Delay type                Incr(ns)  Path(ns)    Netlist Resource(s)
  -------------------------------------------------------------------    -------------------
                         (clock clk_fs rise edge)     0.000     0.000 r  
    Y12                                               0.000     0.000 r  clk_fs_p (IN)
                         net (fo=0)                   0.000     0.000    ps_i/Counter_Core_0/inst/clk_fs_p
    Y12                  IBUFDS (Prop_ibufds_I_O)     0.948     0.948 r  ps_i/Counter_Core_0/inst/ibufds_fs/O
                         net (fo=1, routed)           2.521     3.469    ps_i/Counter_Core_0/inst/clk_fs_ibuf
    BUFGCTRL_X0Y0        BUFG (Prop_bufg_I_O)         0.086     3.555 r  ps_i/Counter_Core_0/inst/bufg_fs/O
                         net (fo=599, routed)         1.389     4.944    ps_i/Counter_Core_0/inst/counter_core_inst/u_ts_engine/u_rd_ptr_cdc/CLK
    SLICE_X39Y26         FDRE                                         r  ps_i/Counter_Core_0/inst/counter_core_inst/u_ts_engine/u_rd_ptr_cdc/gray_s2_reg[12]/C
  -------------------------------------------------------------------    -------------------
    SLICE_X39Y26         FDRE (Prop_fdre_C_Q)         0.379     5.323 r  ps_i/Counter_Core_0/inst/counter_core_inst/u_ts_engine/u_rd_ptr_cdc/gray_s2_reg[12]/Q
                         net (fo=11, routed)          0.832     6.155    ps_i/Counter_Core_0/inst/counter_core_inst/u_ts_engine/u_rd_ptr_cdc/gray_s2[12]
    SLICE_X38Y24         LUT5 (Prop_lut5_I0_O)        0.105     6.260 r  ps_i/Counter_Core_0/inst/counter_core_inst/u_ts_engine/u_rd_ptr_cdc/fifo_full0_carry_i_17/O
                         net (fo=2, routed)           0.233     6.494    ps_i/Counter_Core_0/inst/counter_core_inst/u_ts_engine/u_rd_ptr_cdc/rd_ptr_bin_at_wr[8]
    SLICE_X38Y24         LUT6 (Prop_lut6_I0_O)        0.105     6.599 r  ps_i/Counter_Core_0/inst/counter_core_inst/u_ts_engine/u_rd_ptr_cdc/fifo_full0_carry_i_13/O
                         net (fo=1, routed)           0.452     7.050    ps_i/Counter_Core_0/inst/counter_core_inst/u_ts_engine/u_rd_ptr_cdc/rd_ptr_bin_at_wr[0]
    SLICE_X39Y23         LUT6 (Prop_lut6_I1_O)        0.105     7.155 r  ps_i/Counter_Core_0/inst/counter_core_inst/u_ts_engine/u_rd_ptr_cdc/fifo_full0_carry_i_4/O
                         net (fo=1, routed)           0.000     7.155    ps_i/Counter_Core_0/inst/counter_core_inst/u_ts_engine/u_rd_ptr_cdc_n_5
    SLICE_X39Y23         CARRY4 (Prop_carry4_S[0]_CO[3])
                                                      0.440     7.595 f  ps_i/Counter_Core_0/inst/counter_core_inst/u_ts_engine/fifo_full0_carry/CO[3]
                         net (fo=4, routed)           0.517     8.112    ps_i/Counter_Core_0/inst/counter_core_inst/u_ts_engine/u_rd_ptr_cdc/CO[0]
    SLICE_X39Y22         LUT3 (Prop_lut3_I0_O)        0.105     8.217 r  ps_i/Counter_Core_0/inst/counter_core_inst/u_ts_engine/u_rd_ptr_cdc/fifo_mem_reg_7_i_3/O
                         net (fo=8, routed)           0.934     9.151    ps_i/Counter_Core_0/inst/counter_core_inst/u_ts_engine/wr_en0
    RAMB36_X3Y5          RAMB36E1                                     r  ps_i/Counter_Core_0/inst/counter_core_inst/u_ts_engine/fifo_mem_reg_2/WEA[0]
  -------------------------------------------------------------------    -------------------

                         (clock clk_fs rise edge)     3.200     3.200 r  
    Y12                                               0.000     3.200 r  clk_fs_p (IN)
                         net (fo=0)                   0.000     3.200    ps_i/Counter_Core_0/inst/clk_fs_p
    Y12                  IBUFDS (Prop_ibufds_I_O)     0.908     4.108 r  ps_i/Counter_Core_0/inst/ibufds_fs/O
                         net (fo=1, routed)           2.156     6.264    ps_i/Counter_Core_0/inst/clk_fs_ibuf
    BUFGCTRL_X0Y0        BUFG (Prop_bufg_I_O)         0.078     6.342 r  ps_i/Counter_Core_0/inst/bufg_fs/O
                         net (fo=599, routed)         1.325     7.667    ps_i/Counter_Core_0/inst/counter_core_inst/u_ts_engine/CLK
    RAMB36_X3Y5          RAMB36E1                                     r  ps_i/Counter_Core_0/inst/counter_core_inst/u_ts_engine/fifo_mem_reg_2/CLKARDCLK
                         clock pessimism              0.426     8.093    
                         clock uncertainty           -0.035     8.057    
    RAMB36_X3Y5          RAMB36E1 (Setup_ramb36e1_CLKARDCLK_WEA[0])
                                                     -0.476     7.581    ps_i/Counter_Core_0/inst/counter_core_inst/u_ts_engine/fifo_mem_reg_2
  -------------------------------------------------------------------
                         required time                          7.581    
                         arrival time                          -9.151    
  -------------------------------------------------------------------
                         slack                                 -1.570    

Slack (VIOLATED) :        -1.503ns  (required time - arrival time)
  Source:                 ps_i/Counter_Core_0/inst/counter_core_inst/u_ts_engine/u_rd_ptr_cdc/gray_s2_reg[12]/C
                            (rising edge-triggered cell FDRE clocked by clk_fs  {rise@0.000ns fall@1.600ns period=3.200ns})
  Destination:            ps_i/Counter_Core_0/inst/counter_core_inst/u_ts_engine/fifo_mem_reg_3/WEA[0]
                            (rising edge-triggered cell RAMB36E1 clocked by clk_fs  {rise@0.000ns fall@1.600ns period=3.200ns})
  Path Group:             clk_fs
  Path Type:              Setup (Max at Slow Process Corner)
  Requirement:            3.200ns  (clk_fs rise@3.200ns - clk_fs rise@0.000ns)
  Data Path Delay:        4.138ns  (logic 1.239ns (29.943%)  route 2.899ns (70.057%))
  Logic Levels:           5  (CARRY4=1 LUT3=1 LUT5=1 LUT6=2)
  Clock Path Skew:        -0.054ns (DCD - SCD + CPR)
    Destination Clock Delay (DCD):    4.465ns = ( 7.665 - 3.200 ) 
    Source Clock Delay      (SCD):    4.944ns
    Clock Pessimism Removal (CPR):    0.426ns
  Clock Uncertainty:      0.035ns  ((TSJ^2 + TIJ^2)^1/2 + DJ) / 2 + PE
    Total System Jitter     (TSJ):    0.071ns
    Total Input Jitter      (TIJ):    0.000ns
    Discrete Jitter          (DJ):    0.000ns
    Phase Error              (PE):    0.000ns

    Location             Delay type                Incr(ns)  Path(ns)    Netlist Resource(s)
  -------------------------------------------------------------------    -------------------
                         (clock clk_fs rise edge)     0.000     0.000 r  
    Y12                                               0.000     0.000 r  clk_fs_p (IN)
                         net (fo=0)                   0.000     0.000    ps_i/Counter_Core_0/inst/clk_fs_p
    Y12                  IBUFDS (Prop_ibufds_I_O)     0.948     0.948 r  ps_i/Counter_Core_0/inst/ibufds_fs/O
                         net (fo=1, routed)           2.521     3.469    ps_i/Counter_Core_0/inst/clk_fs_ibuf
    BUFGCTRL_X0Y0        BUFG (Prop_bufg_I_O)         0.086     3.555 r  ps_i/Counter_Core_0/inst/bufg_fs/O
                         net (fo=599, routed)         1.389     4.944    ps_i/Counter_Core_0/inst/counter_core_inst/u_ts_engine/u_rd_ptr_cdc/CLK
    SLICE_X39Y26         FDRE                                         r  ps_i/Counter_Core_0/inst/counter_core_inst/u_ts_engine/u_rd_ptr_cdc/gray_s2_reg[12]/C
  -------------------------------------------------------------------    -------------------
    SLICE_X39Y26         FDRE (Prop_fdre_C_Q)         0.379     5.323 r  ps_i/Counter_Core_0/inst/counter_core_inst/u_ts_engine/u_rd_ptr_cdc/gray_s2_reg[12]/Q
                         net (fo=11, routed)          0.832     6.155    ps_i/Counter_Core_0/inst/counter_core_inst/u_ts_engine/u_rd_ptr_cdc/gray_s2[12]
    SLICE_X38Y24         LUT5 (Prop_lut5_I0_O)        0.105     6.260 r  ps_i/Counter_Core_0/inst/counter_core_inst/u_ts_engine/u_rd_ptr_cdc/fifo_full0_carry_i_17/O
                         net (fo=2, routed)           0.233     6.494    ps_i/Counter_Core_0/inst/counter_core_inst/u_ts_engine/u_rd_ptr_cdc/rd_ptr_bin_at_wr[8]
    SLICE_X38Y24         LUT6 (Prop_lut6_I0_O)        0.105     6.599 r  ps_i/Counter_Core_0/inst/counter_core_inst/u_ts_engine/u_rd_ptr_cdc/fifo_full0_carry_i_13/O
                         net (fo=1, routed)           0.452     7.050    ps_i/Counter_Core_0/inst/counter_core_inst/u_ts_engine/u_rd_ptr_cdc/rd_ptr_bin_at_wr[0]
    SLICE_X39Y23         LUT6 (Prop_lut6_I1_O)        0.105     7.155 r  ps_i/Counter_Core_0/inst/counter_core_inst/u_ts_engine/u_rd_ptr_cdc/fifo_full0_carry_i_4/O
                         net (fo=1, routed)           0.000     7.155    ps_i/Counter_Core_0/inst/counter_core_inst/u_ts_engine/u_rd_ptr_cdc_n_5
    SLICE_X39Y23         CARRY4 (Prop_carry4_S[0]_CO[3])
                                                      0.440     7.595 f  ps_i/Counter_Core_0/inst/counter_core_inst/u_ts_engine/fifo_full0_carry/CO[3]
                         net (fo=4, routed)           0.517     8.112    ps_i/Counter_Core_0/inst/counter_core_inst/u_ts_engine/u_rd_ptr_cdc/CO[0]
    SLICE_X39Y22         LUT3 (Prop_lut3_I0_O)        0.105     8.217 r  ps_i/Counter_Core_0/inst/counter_core_inst/u_ts_engine/u_rd_ptr_cdc/fifo_mem_reg_7_i_3/O
                         net (fo=8, routed)           0.865     9.082    ps_i/Counter_Core_0/inst/counter_core_inst/u_ts_engine/wr_en0
    RAMB36_X3Y4          RAMB36E1                                     r  ps_i/Counter_Core_0/inst/counter_core_inst/u_ts_engine/fifo_mem_reg_3/WEA[0]
  -------------------------------------------------------------------    -------------------

                         (clock clk_fs rise edge)     3.200     3.200 r  
    Y12                                               0.000     3.200 r  clk_fs_p (IN)
                         net (fo=0)                   0.000     3.200    ps_i/Counter_Core_0/inst/clk_fs_p
    Y12                  IBUFDS (Prop_ibufds_I_O)     0.908     4.108 r  ps_i/Counter_Core_0/inst/ibufds_fs/O
                         net (fo=1, routed)           2.156     6.264    ps_i/Counter_Core_0/inst/clk_fs_ibuf
    BUFGCTRL_X0Y0        BUFG (Prop_bufg_I_O)         0.078     6.342 r  ps_i/Counter_Core_0/inst/bufg_fs/O
                         net (fo=599, routed)         1.323     7.665    ps_i/Counter_Core_0/inst/counter_core_inst/u_ts_engine/CLK
    RAMB36_X3Y4          RAMB36E1                                     r  ps_i/Counter_Core_0/inst/counter_core_inst/u_ts_engine/fifo_mem_reg_3/CLKARDCLK
                         clock pessimism              0.426     8.091    
                         clock uncertainty           -0.035     8.055    
    RAMB36_X3Y4          RAMB36E1 (Setup_ramb36e1_CLKARDCLK_WEA[0])
                                                     -0.476     7.579    ps_i/Counter_Core_0/inst/counter_core_inst/u_ts_engine/fifo_mem_reg_3
  -------------------------------------------------------------------
                         required time                          7.579    
                         arrival time                          -9.082    
  -------------------------------------------------------------------
                         slack                                 -1.503    

Slack (VIOLATED) :        -1.484ns  (required time - arrival time)
  Source:                 ps_i/Counter_Core_0/inst/counter_core_inst/u_ts_engine/u_rd_ptr_cdc/gray_s2_reg[12]/C
                            (rising edge-triggered cell FDRE clocked by clk_fs  {rise@0.000ns fall@1.600ns period=3.200ns})
  Destination:            ps_i/Counter_Core_0/inst/counter_core_inst/u_ts_engine/fifo_mem_reg_7/WEA[0]
                            (rising edge-triggered cell RAMB18E1 clocked by clk_fs  {rise@0.000ns fall@1.600ns period=3.200ns})
  Path Group:             clk_fs
  Path Type:              Setup (Max at Slow Process Corner)
  Requirement:            3.200ns  (clk_fs rise@3.200ns - clk_fs rise@0.000ns)
  Data Path Delay:        4.126ns  (logic 1.239ns (30.032%)  route 2.887ns (69.968%))
  Logic Levels:           5  (CARRY4=1 LUT3=1 LUT5=1 LUT6=2)
  Clock Path Skew:        -0.048ns (DCD - SCD + CPR)
    Destination Clock Delay (DCD):    4.471ns = ( 7.671 - 3.200 ) 
    Source Clock Delay      (SCD):    4.944ns
    Clock Pessimism Removal (CPR):    0.426ns
  Clock Uncertainty:      0.035ns  ((TSJ^2 + TIJ^2)^1/2 + DJ) / 2 + PE
    Total System Jitter     (TSJ):    0.071ns
    Total Input Jitter      (TIJ):    0.000ns
    Discrete Jitter          (DJ):    0.000ns
    Phase Error              (PE):    0.000ns

    Location             Delay type                Incr(ns)  Path(ns)    Netlist Resource(s)
  -------------------------------------------------------------------    -------------------
                         (clock clk_fs rise edge)     0.000     0.000 r  
    Y12                                               0.000     0.000 r  clk_fs_p (IN)
                         net (fo=0)                   0.000     0.000    ps_i/Counter_Core_0/inst/clk_fs_p
    Y12                  IBUFDS (Prop_ibufds_I_O)     0.948     0.948 r  ps_i/Counter_Core_0/inst/ibufds_fs/O
                         net (fo=1, routed)           2.521     3.469    ps_i/Counter_Core_0/inst/clk_fs_ibuf
    BUFGCTRL_X0Y0        BUFG (Prop_bufg_I_O)         0.086     3.555 r  ps_i/Counter_Core_0/inst/bufg_fs/O
                         net (fo=599, routed)         1.389     4.944    ps_i/Counter_Core_0/inst/counter_core_inst/u_ts_engine/u_rd_ptr_cdc/CLK
    SLICE_X39Y26         FDRE                                         r  ps_i/Counter_Core_0/inst/counter_core_inst/u_ts_engine/u_rd_ptr_cdc/gray_s2_reg[12]/C
  -------------------------------------------------------------------    -------------------
    SLICE_X39Y26         FDRE (Prop_fdre_C_Q)         0.379     5.323 r  ps_i/Counter_Core_0/inst/counter_core_inst/u_ts_engine/u_rd_ptr_cdc/gray_s2_reg[12]/Q
                         net (fo=11, routed)          0.832     6.155    ps_i/Counter_Core_0/inst/counter_core_inst/u_ts_engine/u_rd_ptr_cdc/gray_s2[12]
    SLICE_X38Y24         LUT5 (Prop_lut5_I0_O)        0.105     6.260 r  ps_i/Counter_Core_0/inst/counter_core_inst/u_ts_engine/u_rd_ptr_cdc/fifo_full0_carry_i_17/O
                         net (fo=2, routed)           0.233     6.494    ps_i/Counter_Core_0/inst/counter_core_inst/u_ts_engine/u_rd_ptr_cdc/rd_ptr_bin_at_wr[8]
    SLICE_X38Y24         LUT6 (Prop_lut6_I0_O)        0.105     6.599 r  ps_i/Counter_Core_0/inst/counter_core_inst/u_ts_engine/u_rd_ptr_cdc/fifo_full0_carry_i_13/O
                         net (fo=1, routed)           0.452     7.050    ps_i/Counter_Core_0/inst/counter_core_inst/u_ts_engine/u_rd_ptr_cdc/rd_ptr_bin_at_wr[0]
    SLICE_X39Y23         LUT6 (Prop_lut6_I1_O)        0.105     7.155 r  ps_i/Counter_Core_0/inst/counter_core_inst/u_ts_engine/u_rd_ptr_cdc/fifo_full0_carry_i_4/O
                         net (fo=1, routed)           0.000     7.155    ps_i/Counter_Core_0/inst/counter_core_inst/u_ts_engine/u_rd_ptr_cdc_n_5
    SLICE_X39Y23         CARRY4 (Prop_carry4_S[0]_CO[3])
                                                      0.440     7.595 f  ps_i/Counter_Core_0/inst/counter_core_inst/u_ts_engine/fifo_full0_carry/CO[3]
                         net (fo=4, routed)           0.517     8.112    ps_i/Counter_Core_0/inst/counter_core_inst/u_ts_engine/u_rd_ptr_cdc/CO[0]
    SLICE_X39Y22         LUT3 (Prop_lut3_I0_O)        0.105     8.217 r  ps_i/Counter_Core_0/inst/counter_core_inst/u_ts_engine/u_rd_ptr_cdc/fifo_mem_reg_7_i_3/O
                         net (fo=8, routed)           0.853     9.070    ps_i/Counter_Core_0/inst/counter_core_inst/u_ts_engine/wr_en0
    RAMB18_X3Y6          RAMB18E1                                     r  ps_i/Counter_Core_0/inst/counter_core_inst/u_ts_engine/fifo_mem_reg_7/WEA[0]
  -------------------------------------------------------------------    -------------------

                         (clock clk_fs rise edge)     3.200     3.200 r  
    Y12                                               0.000     3.200 r  clk_fs_p (IN)
                         net (fo=0)                   0.000     3.200    ps_i/Counter_Core_0/inst/clk_fs_p
    Y12                  IBUFDS (Prop_ibufds_I_O)     0.908     4.108 r  ps_i/Counter_Core_0/inst/ibufds_fs/O
                         net (fo=1, routed)           2.156     6.264    ps_i/Counter_Core_0/inst/clk_fs_ibuf
    BUFGCTRL_X0Y0        BUFG (Prop_bufg_I_O)         0.078     6.342 r  ps_i/Counter_Core_0/inst/bufg_fs/O
                         net (fo=599, routed)         1.329     7.671    ps_i/Counter_Core_0/inst/counter_core_inst/u_ts_engine/CLK
    RAMB18_X3Y6          RAMB18E1                                     r  ps_i/Counter_Core_0/inst/counter_core_inst/u_ts_engine/fifo_mem_reg_7/CLKARDCLK
                         clock pessimism              0.426     8.097    
                         clock uncertainty           -0.035     8.061    
    RAMB18_X3Y6          RAMB18E1 (Setup_ramb18e1_CLKARDCLK_WEA[0])
                                                     -0.476     7.585    ps_i/Counter_Core_0/inst/counter_core_inst/u_ts_engine/fifo_mem_reg_7
  -------------------------------------------------------------------
                         required time                          7.585    
                         arrival time                          -9.070    
  -------------------------------------------------------------------
                         slack                                 -1.484    

Slack (VIOLATED) :        -1.462ns  (required time - arrival time)
  Source:                 ps_i/Counter_Core_0/inst/counter_core_inst/u_ts_engine/u_rd_ptr_cdc/gray_s2_reg[12]/C
                            (rising edge-triggered cell FDRE clocked by clk_fs  {rise@0.000ns fall@1.600ns period=3.200ns})
  Destination:            ps_i/Counter_Core_0/inst/counter_core_inst/u_ts_engine/fifo_mem_reg_5/WEA[0]
                            (rising edge-triggered cell RAMB36E1 clocked by clk_fs  {rise@0.000ns fall@1.600ns period=3.200ns})
  Path Group:             clk_fs
  Path Type:              Setup (Max at Slow Process Corner)
  Requirement:            3.200ns  (clk_fs rise@3.200ns - clk_fs rise@0.000ns)
  Data Path Delay:        4.136ns  (logic 1.239ns (29.954%)  route 2.897ns (70.046%))
  Logic Levels:           5  (CARRY4=1 LUT3=1 LUT5=1 LUT6=2)
  Clock Path Skew:        -0.014ns (DCD - SCD + CPR)
    Destination Clock Delay (DCD):    4.420ns = ( 7.620 - 3.200 ) 
    Source Clock Delay      (SCD):    4.944ns
    Clock Pessimism Removal (CPR):    0.510ns
  Clock Uncertainty:      0.035ns  ((TSJ^2 + TIJ^2)^1/2 + DJ) / 2 + PE
    Total System Jitter     (TSJ):    0.071ns
    Total Input Jitter      (TIJ):    0.000ns
    Discrete Jitter          (DJ):    0.000ns
    Phase Error              (PE):    0.000ns

    Location             Delay type                Incr(ns)  Path(ns)    Netlist Resource(s)
  -------------------------------------------------------------------    -------------------
                         (clock clk_fs rise edge)     0.000     0.000 r  
    Y12                                               0.000     0.000 r  clk_fs_p (IN)
                         net (fo=0)                   0.000     0.000    ps_i/Counter_Core_0/inst/clk_fs_p
    Y12                  IBUFDS (Prop_ibufds_I_O)     0.948     0.948 r  ps_i/Counter_Core_0/inst/ibufds_fs/O
                         net (fo=1, routed)           2.521     3.469    ps_i/Counter_Core_0/inst/clk_fs_ibuf
    BUFGCTRL_X0Y0        BUFG (Prop_bufg_I_O)         0.086     3.555 r  ps_i/Counter_Core_0/inst/bufg_fs/O
                         net (fo=599, routed)         1.389     4.944    ps_i/Counter_Core_0/inst/counter_core_inst/u_ts_engine/u_rd_ptr_cdc/CLK
    SLICE_X39Y26         FDRE                                         r  ps_i/Counter_Core_0/inst/counter_core_inst/u_ts_engine/u_rd_ptr_cdc/gray_s2_reg[12]/C
  -------------------------------------------------------------------    -------------------
    SLICE_X39Y26         FDRE (Prop_fdre_C_Q)         0.379     5.323 r  ps_i/Counter_Core_0/inst/counter_core_inst/u_ts_engine/u_rd_ptr_cdc/gray_s2_reg[12]/Q
                         net (fo=11, routed)          0.832     6.155    ps_i/Counter_Core_0/inst/counter_core_inst/u_ts_engine/u_rd_ptr_cdc/gray_s2[12]
    SLICE_X38Y24         LUT5 (Prop_lut5_I0_O)        0.105     6.260 r  ps_i/Counter_Core_0/inst/counter_core_inst/u_ts_engine/u_rd_ptr_cdc/fifo_full0_carry_i_17/O
                         net (fo=2, routed)           0.233     6.494    ps_i/Counter_Core_0/inst/counter_core_inst/u_ts_engine/u_rd_ptr_cdc/rd_ptr_bin_at_wr[8]
    SLICE_X38Y24         LUT6 (Prop_lut6_I0_O)        0.105     6.599 r  ps_i/Counter_Core_0/inst/counter_core_inst/u_ts_engine/u_rd_ptr_cdc/fifo_full0_carry_i_13/O
                         net (fo=1, routed)           0.452     7.050    ps_i/Counter_Core_0/inst/counter_core_inst/u_ts_engine/u_rd_ptr_cdc/rd_ptr_bin_at_wr[0]
    SLICE_X39Y23         LUT6 (Prop_lut6_I1_O)        0.105     7.155 r  ps_i/Counter_Core_0/inst/counter_core_inst/u_ts_engine/u_rd_ptr_cdc/fifo_full0_carry_i_4/O
                         net (fo=1, routed)           0.000     7.155    ps_i/Counter_Core_0/inst/counter_core_inst/u_ts_engine/u_rd_ptr_cdc_n_5
    SLICE_X39Y23         CARRY4 (Prop_carry4_S[0]_CO[3])
                                                      0.440     7.595 f  ps_i/Counter_Core_0/inst/counter_core_inst/u_ts_engine/fifo_full0_carry/CO[3]
                         net (fo=4, routed)           0.517     8.112    ps_i/Counter_Core_0/inst/counter_core_inst/u_ts_engine/u_rd_ptr_cdc/CO[0]
    SLICE_X39Y22         LUT3 (Prop_lut3_I0_O)        0.105     8.217 r  ps_i/Counter_Core_0/inst/counter_core_inst/u_ts_engine/u_rd_ptr_cdc/fifo_mem_reg_7_i_3/O
                         net (fo=8, routed)           0.863     9.080    ps_i/Counter_Core_0/inst/counter_core_inst/u_ts_engine/wr_en0
    RAMB36_X2Y5          RAMB36E1                                     r  ps_i/Counter_Core_0/inst/counter_core_inst/u_ts_engine/fifo_mem_reg_5/WEA[0]
  -------------------------------------------------------------------    -------------------

                         (clock clk_fs rise edge)     3.200     3.200 r  
    Y12                                               0.000     3.200 r  clk_fs_p (IN)
                         net (fo=0)                   0.000     3.200    ps_i/Counter_Core_0/inst/clk_fs_p
    Y12                  IBUFDS (Prop_ibufds_I_O)     0.908     4.108 r  ps_i/Counter_Core_0/inst/ibufds_fs/O
                         net (fo=1, routed)           2.156     6.264    ps_i/Counter_Core_0/inst/clk_fs_ibuf
    BUFGCTRL_X0Y0        BUFG (Prop_bufg_I_O)         0.078     6.342 r  ps_i/Counter_Core_0/inst/bufg_fs/O
                         net (fo=599, routed)         1.278     7.620    ps_i/Counter_Core_0/inst/counter_core_inst/u_ts_engine/CLK
    RAMB36_X2Y5          RAMB36E1                                     r  ps_i/Counter_Core_0/inst/counter_core_inst/u_ts_engine/fifo_mem_reg_5/CLKARDCLK
                         clock pessimism              0.510     8.130    
                         clock uncertainty           -0.035     8.094    
    RAMB36_X2Y5          RAMB36E1 (Setup_ramb36e1_CLKARDCLK_WEA[0])
                                                     -0.476     7.618    ps_i/Counter_Core_0/inst/counter_core_inst/u_ts_engine/fifo_mem_reg_5
  -------------------------------------------------------------------
                         required time                          7.618    
                         arrival time                          -9.080    
  -------------------------------------------------------------------
                         slack                                 -1.462    

Slack (VIOLATED) :        -1.444ns  (required time - arrival time)
  Source:                 ps_i/Counter_Core_0/inst/counter_core_inst/u_ts_engine/u_rd_ptr_cdc/gray_s2_reg[12]/C
                            (rising edge-triggered cell FDRE clocked by clk_fs  {rise@0.000ns fall@1.600ns period=3.200ns})
  Destination:            ps_i/Counter_Core_0/inst/counter_core_inst/u_ts_engine/fifo_mem_reg_0/WEA[0]
                            (rising edge-triggered cell RAMB36E1 clocked by clk_fs  {rise@0.000ns fall@1.600ns period=3.200ns})
  Path Group:             clk_fs
  Path Type:              Setup (Max at Slow Process Corner)
  Requirement:            3.200ns  (clk_fs rise@3.200ns - clk_fs rise@0.000ns)
  Data Path Delay:        4.187ns  (logic 1.239ns (29.595%)  route 2.948ns (70.405%))
  Logic Levels:           5  (CARRY4=1 LUT3=1 LUT5=1 LUT6=2)
  Clock Path Skew:        0.054ns (DCD - SCD + CPR)
    Destination Clock Delay (DCD):    4.488ns = ( 7.688 - 3.200 ) 
    Source Clock Delay      (SCD):    4.944ns
    Clock Pessimism Removal (CPR):    0.510ns
  Clock Uncertainty:      0.035ns  ((TSJ^2 + TIJ^2)^1/2 + DJ) / 2 + PE
    Total System Jitter     (TSJ):    0.071ns
    Total Input Jitter      (TIJ):    0.000ns
    Discrete Jitter          (DJ):    0.000ns
    Phase Error              (PE):    0.000ns

    Location             Delay type                Incr(ns)  Path(ns)    Netlist Resource(s)
  -------------------------------------------------------------------    -------------------
                         (clock clk_fs rise edge)     0.000     0.000 r  
    Y12                                               0.000     0.000 r  clk_fs_p (IN)
                         net (fo=0)                   0.000     0.000    ps_i/Counter_Core_0/inst/clk_fs_p
    Y12                  IBUFDS (Prop_ibufds_I_O)     0.948     0.948 r  ps_i/Counter_Core_0/inst/ibufds_fs/O
                         net (fo=1, routed)           2.521     3.469    ps_i/Counter_Core_0/inst/clk_fs_ibuf
    BUFGCTRL_X0Y0        BUFG (Prop_bufg_I_O)         0.086     3.555 r  ps_i/Counter_Core_0/inst/bufg_fs/O
                         net (fo=599, routed)         1.389     4.944    ps_i/Counter_Core_0/inst/counter_core_inst/u_ts_engine/u_rd_ptr_cdc/CLK
    SLICE_X39Y26         FDRE                                         r  ps_i/Counter_Core_0/inst/counter_core_inst/u_ts_engine/u_rd_ptr_cdc/gray_s2_reg[12]/C
  -------------------------------------------------------------------    -------------------
    SLICE_X39Y26         FDRE (Prop_fdre_C_Q)         0.379     5.323 r  ps_i/Counter_Core_0/inst/counter_core_inst/u_ts_engine/u_rd_ptr_cdc/gray_s2_reg[12]/Q
                         net (fo=11, routed)          0.832     6.155    ps_i/Counter_Core_0/inst/counter_core_inst/u_ts_engine/u_rd_ptr_cdc/gray_s2[12]
    SLICE_X38Y24         LUT5 (Prop_lut5_I0_O)        0.105     6.260 r  ps_i/Counter_Core_0/inst/counter_core_inst/u_ts_engine/u_rd_ptr_cdc/fifo_full0_carry_i_17/O
                         net (fo=2, routed)           0.233     6.494    ps_i/Counter_Core_0/inst/counter_core_inst/u_ts_engine/u_rd_ptr_cdc/rd_ptr_bin_at_wr[8]
    SLICE_X38Y24         LUT6 (Prop_lut6_I0_O)        0.105     6.599 r  ps_i/Counter_Core_0/inst/counter_core_inst/u_ts_engine/u_rd_ptr_cdc/fifo_full0_carry_i_13/O
                         net (fo=1, routed)           0.452     7.050    ps_i/Counter_Core_0/inst/counter_core_inst/u_ts_engine/u_rd_ptr_cdc/rd_ptr_bin_at_wr[0]
    SLICE_X39Y23         LUT6 (Prop_lut6_I1_O)        0.105     7.155 r  ps_i/Counter_Core_0/inst/counter_core_inst/u_ts_engine/u_rd_ptr_cdc/fifo_full0_carry_i_4/O
                         net (fo=1, routed)           0.000     7.155    ps_i/Counter_Core_0/inst/counter_core_inst/u_ts_engine/u_rd_ptr_cdc_n_5
    SLICE_X39Y23         CARRY4 (Prop_carry4_S[0]_CO[3])
                                                      0.440     7.595 f  ps_i/Counter_Core_0/inst/counter_core_inst/u_ts_engine/fifo_full0_carry/CO[3]
                         net (fo=4, routed)           0.517     8.112    ps_i/Counter_Core_0/inst/counter_core_inst/u_ts_engine/u_rd_ptr_cdc/CO[0]
    SLICE_X39Y22         LUT3 (Prop_lut3_I0_O)        0.105     8.217 r  ps_i/Counter_Core_0/inst/counter_core_inst/u_ts_engine/u_rd_ptr_cdc/fifo_mem_reg_7_i_3/O
                         net (fo=8, routed)           0.914     9.131    ps_i/Counter_Core_0/inst/counter_core_inst/u_ts_engine/wr_en0
    RAMB36_X1Y4          RAMB36E1                                     r  ps_i/Counter_Core_0/inst/counter_core_inst/u_ts_engine/fifo_mem_reg_0/WEA[0]
  -------------------------------------------------------------------    -------------------

                         (clock clk_fs rise edge)     3.200     3.200 r  
    Y12                                               0.000     3.200 r  clk_fs_p (IN)
                         net (fo=0)                   0.000     3.200    ps_i/Counter_Core_0/inst/clk_fs_p
    Y12                  IBUFDS (Prop_ibufds_I_O)     0.908     4.108 r  ps_i/Counter_Core_0/inst/ibufds_fs/O
                         net (fo=1, routed)           2.156     6.264    ps_i/Counter_Core_0/inst/clk_fs_ibuf
    BUFGCTRL_X0Y0        BUFG (Prop_bufg_I_O)         0.078     6.342 r  ps_i/Counter_Core_0/inst/bufg_fs/O
                         net (fo=599, routed)         1.346     7.688    ps_i/Counter_Core_0/inst/counter_core_inst/u_ts_engine/CLK
    RAMB36_X1Y4          RAMB36E1                                     r  ps_i/Counter_Core_0/inst/counter_core_inst/u_ts_engine/fifo_mem_reg_0/CLKARDCLK
                         clock pessimism              0.510     8.198    
                         clock uncertainty           -0.035     8.162    
    RAMB36_X1Y4          RAMB36E1 (Setup_ramb36e1_CLKARDCLK_WEA[0])
                                                     -0.476     7.686    ps_i/Counter_Core_0/inst/counter_core_inst/u_ts_engine/fifo_mem_reg_0
  -------------------------------------------------------------------
                         required time                          7.686    
                         arrival time                          -9.131    
  -------------------------------------------------------------------
                         slack                                 -1.444    

Slack (VIOLATED) :        -1.433ns  (required time - arrival time)
  Source:                 ps_i/Counter_Core_0/inst/counter_core_inst/u_ts_engine/u_rd_ptr_cdc/gray_s2_reg[12]/C
                            (rising edge-triggered cell FDRE clocked by clk_fs  {rise@0.000ns fall@1.600ns period=3.200ns})
  Destination:            ps_i/Counter_Core_0/inst/counter_core_inst/u_ts_engine/fifo_mem_reg_1/WEA[0]
                            (rising edge-triggered cell RAMB36E1 clocked by clk_fs  {rise@0.000ns fall@1.600ns period=3.200ns})
  Path Group:             clk_fs
  Path Type:              Setup (Max at Slow Process Corner)
  Requirement:            3.200ns  (clk_fs rise@3.200ns - clk_fs rise@0.000ns)
  Data Path Delay:        4.111ns  (logic 1.239ns (30.138%)  route 2.872ns (69.862%))
  Logic Levels:           5  (CARRY4=1 LUT3=1 LUT5=1 LUT6=2)
  Clock Path Skew:        -0.010ns (DCD - SCD + CPR)
    Destination Clock Delay (DCD):    4.424ns = ( 7.624 - 3.200 ) 
    Source Clock Delay      (SCD):    4.944ns
    Clock Pessimism Removal (CPR):    0.510ns
  Clock Uncertainty:      0.035ns  ((TSJ^2 + TIJ^2)^1/2 + DJ) / 2 + PE
    Total System Jitter     (TSJ):    0.071ns
    Total Input Jitter      (TIJ):    0.000ns
    Discrete Jitter          (DJ):    0.000ns
    Phase Error              (PE):    0.000ns

    Location             Delay type                Incr(ns)  Path(ns)    Netlist Resource(s)
  -------------------------------------------------------------------    -------------------
                         (clock clk_fs rise edge)     0.000     0.000 r  
    Y12                                               0.000     0.000 r  clk_fs_p (IN)
                         net (fo=0)                   0.000     0.000    ps_i/Counter_Core_0/inst/clk_fs_p
    Y12                  IBUFDS (Prop_ibufds_I_O)     0.948     0.948 r  ps_i/Counter_Core_0/inst/ibufds_fs/O
                         net (fo=1, routed)           2.521     3.469    ps_i/Counter_Core_0/inst/clk_fs_ibuf
    BUFGCTRL_X0Y0        BUFG (Prop_bufg_I_O)         0.086     3.555 r  ps_i/Counter_Core_0/inst/bufg_fs/O
                         net (fo=599, routed)         1.389     4.944    ps_i/Counter_Core_0/inst/counter_core_inst/u_ts_engine/u_rd_ptr_cdc/CLK
    SLICE_X39Y26         FDRE                                         r  ps_i/Counter_Core_0/inst/counter_core_inst/u_ts_engine/u_rd_ptr_cdc/gray_s2_reg[12]/C
  -------------------------------------------------------------------    -------------------
    SLICE_X39Y26         FDRE (Prop_fdre_C_Q)         0.379     5.323 r  ps_i/Counter_Core_0/inst/counter_core_inst/u_ts_engine/u_rd_ptr_cdc/gray_s2_reg[12]/Q
                         net (fo=11, routed)          0.832     6.155    ps_i/Counter_Core_0/inst/counter_core_inst/u_ts_engine/u_rd_ptr_cdc/gray_s2[12]
    SLICE_X38Y24         LUT5 (Prop_lut5_I0_O)        0.105     6.260 r  ps_i/Counter_Core_0/inst/counter_core_inst/u_ts_engine/u_rd_ptr_cdc/fifo_full0_carry_i_17/O
                         net (fo=2, routed)           0.233     6.494    ps_i/Counter_Core_0/inst/counter_core_inst/u_ts_engine/u_rd_ptr_cdc/rd_ptr_bin_at_wr[8]
    SLICE_X38Y24         LUT6 (Prop_lut6_I0_O)        0.105     6.599 r  ps_i/Counter_Core_0/inst/counter_core_inst/u_ts_engine/u_rd_ptr_cdc/fifo_full0_carry_i_13/O
                         net (fo=1, routed)           0.452     7.050    ps_i/Counter_Core_0/inst/counter_core_inst/u_ts_engine/u_rd_ptr_cdc/rd_ptr_bin_at_wr[0]
    SLICE_X39Y23         LUT6 (Prop_lut6_I1_O)        0.105     7.155 r  ps_i/Counter_Core_0/inst/counter_core_inst/u_ts_engine/u_rd_ptr_cdc/fifo_full0_carry_i_4/O
                         net (fo=1, routed)           0.000     7.155    ps_i/Counter_Core_0/inst/counter_core_inst/u_ts_engine/u_rd_ptr_cdc_n_5
    SLICE_X39Y23         CARRY4 (Prop_carry4_S[0]_CO[3])
                                                      0.440     7.595 f  ps_i/Counter_Core_0/inst/counter_core_inst/u_ts_engine/fifo_full0_carry/CO[3]
                         net (fo=4, routed)           0.517     8.112    ps_i/Counter_Core_0/inst/counter_core_inst/u_ts_engine/u_rd_ptr_cdc/CO[0]
    SLICE_X39Y22         LUT3 (Prop_lut3_I0_O)        0.105     8.217 r  ps_i/Counter_Core_0/inst/counter_core_inst/u_ts_engine/u_rd_ptr_cdc/fifo_mem_reg_7_i_3/O
                         net (fo=8, routed)           0.838     9.055    ps_i/Counter_Core_0/inst/counter_core_inst/u_ts_engine/wr_en0
    RAMB36_X2Y3          RAMB36E1                                     r  ps_i/Counter_Core_0/inst/counter_core_inst/u_ts_engine/fifo_mem_reg_1/WEA[0]
  -------------------------------------------------------------------    -------------------

                         (clock clk_fs rise edge)     3.200     3.200 r  
    Y12                                               0.000     3.200 r  clk_fs_p (IN)
                         net (fo=0)                   0.000     3.200    ps_i/Counter_Core_0/inst/clk_fs_p
    Y12                  IBUFDS (Prop_ibufds_I_O)     0.908     4.108 r  ps_i/Counter_Core_0/inst/ibufds_fs/O
                         net (fo=1, routed)           2.156     6.264    ps_i/Counter_Core_0/inst/clk_fs_ibuf
    BUFGCTRL_X0Y0        BUFG (Prop_bufg_I_O)         0.078     6.342 r  ps_i/Counter_Core_0/inst/bufg_fs/O
                         net (fo=599, routed)         1.282     7.624    ps_i/Counter_Core_0/inst/counter_core_inst/u_ts_engine/CLK
    RAMB36_X2Y3          RAMB36E1                                     r  ps_i/Counter_Core_0/inst/counter_core_inst/u_ts_engine/fifo_mem_reg_1/CLKARDCLK
                         clock pessimism              0.510     8.134    
                         clock uncertainty           -0.035     8.098    
    RAMB36_X2Y3          RAMB36E1 (Setup_ramb36e1_CLKARDCLK_WEA[0])
                                                     -0.476     7.622    ps_i/Counter_Core_0/inst/counter_core_inst/u_ts_engine/fifo_mem_reg_1
  -------------------------------------------------------------------
                         required time                          7.622    
                         arrival time                          -9.055    
  -------------------------------------------------------------------
                         slack                                 -1.433    

Slack (VIOLATED) :        -1.425ns  (required time - arrival time)
  Source:                 ps_i/Counter_Core_0/inst/counter_core_inst/u_ts_engine/u_rd_ptr_cdc/gray_s2_reg[12]/C
                            (rising edge-triggered cell FDRE clocked by clk_fs  {rise@0.000ns fall@1.600ns period=3.200ns})
  Destination:            ps_i/Counter_Core_0/inst/counter_core_inst/u_ts_engine/fifo_mem_reg_4/WEA[0]
                            (rising edge-triggered cell RAMB36E1 clocked by clk_fs  {rise@0.000ns fall@1.600ns period=3.200ns})
  Path Group:             clk_fs
  Path Type:              Setup (Max at Slow Process Corner)
  Requirement:            3.200ns  (clk_fs rise@3.200ns - clk_fs rise@0.000ns)
  Data Path Delay:        4.108ns  (logic 1.239ns (30.164%)  route 2.869ns (69.836%))
  Logic Levels:           5  (CARRY4=1 LUT3=1 LUT5=1 LUT6=2)
  Clock Path Skew:        -0.006ns (DCD - SCD + CPR)
    Destination Clock Delay (DCD):    4.428ns = ( 7.628 - 3.200 ) 
    Source Clock Delay      (SCD):    4.944ns
    Clock Pessimism Removal (CPR):    0.510ns
  Clock Uncertainty:      0.035ns  ((TSJ^2 + TIJ^2)^1/2 + DJ) / 2 + PE
    Total System Jitter     (TSJ):    0.071ns
    Total Input Jitter      (TIJ):    0.000ns
    Discrete Jitter          (DJ):    0.000ns
    Phase Error              (PE):    0.000ns

    Location             Delay type                Incr(ns)  Path(ns)    Netlist Resource(s)
  -------------------------------------------------------------------    -------------------
                         (clock clk_fs rise edge)     0.000     0.000 r  
    Y12                                               0.000     0.000 r  clk_fs_p (IN)
                         net (fo=0)                   0.000     0.000    ps_i/Counter_Core_0/inst/clk_fs_p
    Y12                  IBUFDS (Prop_ibufds_I_O)     0.948     0.948 r  ps_i/Counter_Core_0/inst/ibufds_fs/O
                         net (fo=1, routed)           2.521     3.469    ps_i/Counter_Core_0/inst/clk_fs_ibuf
    BUFGCTRL_X0Y0        BUFG (Prop_bufg_I_O)         0.086     3.555 r  ps_i/Counter_Core_0/inst/bufg_fs/O
                         net (fo=599, routed)         1.389     4.944    ps_i/Counter_Core_0/inst/counter_core_inst/u_ts_engine/u_rd_ptr_cdc/CLK
    SLICE_X39Y26         FDRE                                         r  ps_i/Counter_Core_0/inst/counter_core_inst/u_ts_engine/u_rd_ptr_cdc/gray_s2_reg[12]/C
  -------------------------------------------------------------------    -------------------
    SLICE_X39Y26         FDRE (Prop_fdre_C_Q)         0.379     5.323 r  ps_i/Counter_Core_0/inst/counter_core_inst/u_ts_engine/u_rd_ptr_cdc/gray_s2_reg[12]/Q
                         net (fo=11, routed)          0.832     6.155    ps_i/Counter_Core_0/inst/counter_core_inst/u_ts_engine/u_rd_ptr_cdc/gray_s2[12]
    SLICE_X38Y24         LUT5 (Prop_lut5_I0_O)        0.105     6.260 r  ps_i/Counter_Core_0/inst/counter_core_inst/u_ts_engine/u_rd_ptr_cdc/fifo_full0_carry_i_17/O
                         net (fo=2, routed)           0.233     6.494    ps_i/Counter_Core_0/inst/counter_core_inst/u_ts_engine/u_rd_ptr_cdc/rd_ptr_bin_at_wr[8]
    SLICE_X38Y24         LUT6 (Prop_lut6_I0_O)        0.105     6.599 r  ps_i/Counter_Core_0/inst/counter_core_inst/u_ts_engine/u_rd_ptr_cdc/fifo_full0_carry_i_13/O
                         net (fo=1, routed)           0.452     7.050    ps_i/Counter_Core_0/inst/counter_core_inst/u_ts_engine/u_rd_ptr_cdc/rd_ptr_bin_at_wr[0]
    SLICE_X39Y23         LUT6 (Prop_lut6_I1_O)        0.105     7.155 r  ps_i/Counter_Core_0/inst/counter_core_inst/u_ts_engine/u_rd_ptr_cdc/fifo_full0_carry_i_4/O
                         net (fo=1, routed)           0.000     7.155    ps_i/Counter_Core_0/inst/counter_core_inst/u_ts_engine/u_rd_ptr_cdc_n_5
    SLICE_X39Y23         CARRY4 (Prop_carry4_S[0]_CO[3])
                                                      0.440     7.595 f  ps_i/Counter_Core_0/inst/counter_core_inst/u_ts_engine/fifo_full0_carry/CO[3]
                         net (fo=4, routed)           0.517     8.112    ps_i/Counter_Core_0/inst/counter_core_inst/u_ts_engine/u_rd_ptr_cdc/CO[0]
    SLICE_X39Y22         LUT3 (Prop_lut3_I0_O)        0.105     8.217 r  ps_i/Counter_Core_0/inst/counter_core_inst/u_ts_engine/u_rd_ptr_cdc/fifo_mem_reg_7_i_3/O
                         net (fo=8, routed)           0.835     9.052    ps_i/Counter_Core_0/inst/counter_core_inst/u_ts_engine/wr_en0
    RAMB36_X2Y2          RAMB36E1                                     r  ps_i/Counter_Core_0/inst/counter_core_inst/u_ts_engine/fifo_mem_reg_4/WEA[0]
  -------------------------------------------------------------------    -------------------

                         (clock clk_fs rise edge)     3.200     3.200 r  
    Y12                                               0.000     3.200 r  clk_fs_p (IN)
                         net (fo=0)                   0.000     3.200    ps_i/Counter_Core_0/inst/clk_fs_p
    Y12                  IBUFDS (Prop_ibufds_I_O)     0.908     4.108 r  ps_i/Counter_Core_0/inst/ibufds_fs/O
                         net (fo=1, routed)           2.156     6.264    ps_i/Counter_Core_0/inst/clk_fs_ibuf
    BUFGCTRL_X0Y0        BUFG (Prop_bufg_I_O)         0.078     6.342 r  ps_i/Counter_Core_0/inst/bufg_fs/O
                         net (fo=599, routed)         1.286     7.628    ps_i/Counter_Core_0/inst/counter_core_inst/u_ts_engine/CLK
    RAMB36_X2Y2          RAMB36E1                                     r  ps_i/Counter_Core_0/inst/counter_core_inst/u_ts_engine/fifo_mem_reg_4/CLKARDCLK
                         clock pessimism              0.510     8.138    
                         clock uncertainty           -0.035     8.102    
    RAMB36_X2Y2          RAMB36E1 (Setup_ramb36e1_CLKARDCLK_WEA[0])
                                                     -0.476     7.626    ps_i/Counter_Core_0/inst/counter_core_inst/u_ts_engine/fifo_mem_reg_4
  -------------------------------------------------------------------
                         required time                          7.626    
                         arrival time                          -9.052    
  -------------------------------------------------------------------
                         slack                                 -1.425    

Slack (VIOLATED) :        -1.245ns  (required time - arrival time)
  Source:                 ps_i/Counter_Core_0/inst/counter_core_inst/u_ts_engine/u_rd_ptr_cdc/gray_s2_reg[12]/C
                            (rising edge-triggered cell FDRE clocked by clk_fs  {rise@0.000ns fall@1.600ns period=3.200ns})
  Destination:            ps_i/Counter_Core_0/inst/counter_core_inst/u_ts_engine/fifo_mem_reg_6/WEA[0]
                            (rising edge-triggered cell RAMB36E1 clocked by clk_fs  {rise@0.000ns fall@1.600ns period=3.200ns})
  Path Group:             clk_fs
  Path Type:              Setup (Max at Slow Process Corner)
  Requirement:            3.200ns  (clk_fs rise@3.200ns - clk_fs rise@0.000ns)
  Data Path Delay:        3.917ns  (logic 1.239ns (31.629%)  route 2.678ns (68.371%))
  Logic Levels:           5  (CARRY4=1 LUT3=1 LUT5=1 LUT6=2)
  Clock Path Skew:        -0.016ns (DCD - SCD + CPR)
    Destination Clock Delay (DCD):    4.418ns = ( 7.618 - 3.200 ) 
    Source Clock Delay      (SCD):    4.944ns
    Clock Pessimism Removal (CPR):    0.510ns
  Clock Uncertainty:      0.035ns  ((TSJ^2 + TIJ^2)^1/2 + DJ) / 2 + PE
    Total System Jitter     (TSJ):    0.071ns
    Total Input Jitter      (TIJ):    0.000ns
    Discrete Jitter          (DJ):    0.000ns
    Phase Error              (PE):    0.000ns

    Location             Delay type                Incr(ns)  Path(ns)    Netlist Resource(s)
  -------------------------------------------------------------------    -------------------
                         (clock clk_fs rise edge)     0.000     0.000 r  
    Y12                                               0.000     0.000 r  clk_fs_p (IN)
                         net (fo=0)                   0.000     0.000    ps_i/Counter_Core_0/inst/clk_fs_p
    Y12                  IBUFDS (Prop_ibufds_I_O)     0.948     0.948 r  ps_i/Counter_Core_0/inst/ibufds_fs/O
                         net (fo=1, routed)           2.521     3.469    ps_i/Counter_Core_0/inst/clk_fs_ibuf
    BUFGCTRL_X0Y0        BUFG (Prop_bufg_I_O)         0.086     3.555 r  ps_i/Counter_Core_0/inst/bufg_fs/O
                         net (fo=599, routed)         1.389     4.944    ps_i/Counter_Core_0/inst/counter_core_inst/u_ts_engine/u_rd_ptr_cdc/CLK
    SLICE_X39Y26         FDRE                                         r  ps_i/Counter_Core_0/inst/counter_core_inst/u_ts_engine/u_rd_ptr_cdc/gray_s2_reg[12]/C
  -------------------------------------------------------------------    -------------------
    SLICE_X39Y26         FDRE (Prop_fdre_C_Q)         0.379     5.323 r  ps_i/Counter_Core_0/inst/counter_core_inst/u_ts_engine/u_rd_ptr_cdc/gray_s2_reg[12]/Q
                         net (fo=11, routed)          0.832     6.155    ps_i/Counter_Core_0/inst/counter_core_inst/u_ts_engine/u_rd_ptr_cdc/gray_s2[12]
    SLICE_X38Y24         LUT5 (Prop_lut5_I0_O)        0.105     6.260 r  ps_i/Counter_Core_0/inst/counter_core_inst/u_ts_engine/u_rd_ptr_cdc/fifo_full0_carry_i_17/O
                         net (fo=2, routed)           0.233     6.494    ps_i/Counter_Core_0/inst/counter_core_inst/u_ts_engine/u_rd_ptr_cdc/rd_ptr_bin_at_wr[8]
    SLICE_X38Y24         LUT6 (Prop_lut6_I0_O)        0.105     6.599 r  ps_i/Counter_Core_0/inst/counter_core_inst/u_ts_engine/u_rd_ptr_cdc/fifo_full0_carry_i_13/O
                         net (fo=1, routed)           0.452     7.050    ps_i/Counter_Core_0/inst/counter_core_inst/u_ts_engine/u_rd_ptr_cdc/rd_ptr_bin_at_wr[0]
    SLICE_X39Y23         LUT6 (Prop_lut6_I1_O)        0.105     7.155 r  ps_i/Counter_Core_0/inst/counter_core_inst/u_ts_engine/u_rd_ptr_cdc/fifo_full0_carry_i_4/O
                         net (fo=1, routed)           0.000     7.155    ps_i/Counter_Core_0/inst/counter_core_inst/u_ts_engine/u_rd_ptr_cdc_n_5
    SLICE_X39Y23         CARRY4 (Prop_carry4_S[0]_CO[3])
                                                      0.440     7.595 f  ps_i/Counter_Core_0/inst/counter_core_inst/u_ts_engine/fifo_full0_carry/CO[3]
                         net (fo=4, routed)           0.517     8.112    ps_i/Counter_Core_0/inst/counter_core_inst/u_ts_engine/u_rd_ptr_cdc/CO[0]
    SLICE_X39Y22         LUT3 (Prop_lut3_I0_O)        0.105     8.217 r  ps_i/Counter_Core_0/inst/counter_core_inst/u_ts_engine/u_rd_ptr_cdc/fifo_mem_reg_7_i_3/O
                         net (fo=8, routed)           0.644     8.861    ps_i/Counter_Core_0/inst/counter_core_inst/u_ts_engine/wr_en0
    RAMB36_X2Y4          RAMB36E1                                     r  ps_i/Counter_Core_0/inst/counter_core_inst/u_ts_engine/fifo_mem_reg_6/WEA[0]
  -------------------------------------------------------------------    -------------------

                         (clock clk_fs rise edge)     3.200     3.200 r  
    Y12                                               0.000     3.200 r  clk_fs_p (IN)
                         net (fo=0)                   0.000     3.200    ps_i/Counter_Core_0/inst/clk_fs_p
    Y12                  IBUFDS (Prop_ibufds_I_O)     0.908     4.108 r  ps_i/Counter_Core_0/inst/ibufds_fs/O
                         net (fo=1, routed)           2.156     6.264    ps_i/Counter_Core_0/inst/clk_fs_ibuf
    BUFGCTRL_X0Y0        BUFG (Prop_bufg_I_O)         0.078     6.342 r  ps_i/Counter_Core_0/inst/bufg_fs/O
                         net (fo=599, routed)         1.276     7.618    ps_i/Counter_Core_0/inst/counter_core_inst/u_ts_engine/CLK
    RAMB36_X2Y4          RAMB36E1                                     r  ps_i/Counter_Core_0/inst/counter_core_inst/u_ts_engine/fifo_mem_reg_6/CLKARDCLK
                         clock pessimism              0.510     8.128    
                         clock uncertainty           -0.035     8.092    
    RAMB36_X2Y4          RAMB36E1 (Setup_ramb36e1_CLKARDCLK_WEA[0])
                                                     -0.476     7.616    ps_i/Counter_Core_0/inst/counter_core_inst/u_ts_engine/fifo_mem_reg_6
  -------------------------------------------------------------------
                         required time                          7.616    
                         arrival time                          -8.861    
  -------------------------------------------------------------------
                         slack                                 -1.245    

Slack (VIOLATED) :        -1.132ns  (required time - arrival time)
  Source:                 ps_i/Counter_Core_0/inst/counter_core_inst/u_ts_engine/u_rd_ptr_cdc/gray_s2_reg[12]/C
                            (rising edge-triggered cell FDRE clocked by clk_fs  {rise@0.000ns fall@1.600ns period=3.200ns})
  Destination:            ps_i/Counter_Core_0/inst/counter_core_inst/u_ts_engine/lost_count_fs_reg[24]/CE
                            (rising edge-triggered cell FDRE clocked by clk_fs  {rise@0.000ns fall@1.600ns period=3.200ns})
  Path Group:             clk_fs
  Path Type:              Setup (Max at Slow Process Corner)
  Requirement:            3.200ns  (clk_fs rise@3.200ns - clk_fs rise@0.000ns)
  Data Path Delay:        4.075ns  (logic 1.239ns (30.407%)  route 2.836ns (69.593%))
  Logic Levels:           5  (CARRY4=1 LUT5=1 LUT6=3)
  Clock Path Skew:        -0.054ns (DCD - SCD + CPR)
    Destination Clock Delay (DCD):    4.380ns = ( 7.580 - 3.200 ) 
    Source Clock Delay      (SCD):    4.944ns
    Clock Pessimism Removal (CPR):    0.510ns
  Clock Uncertainty:      0.035ns  ((TSJ^2 + TIJ^2)^1/2 + DJ) / 2 + PE
    Total System Jitter     (TSJ):    0.071ns
    Total Input Jitter      (TIJ):    0.000ns
    Discrete Jitter          (DJ):    0.000ns
    Phase Error              (PE):    0.000ns

    Location             Delay type                Incr(ns)  Path(ns)    Netlist Resource(s)
  -------------------------------------------------------------------    -------------------
                         (clock clk_fs rise edge)     0.000     0.000 r  
    Y12                                               0.000     0.000 r  clk_fs_p (IN)
                         net (fo=0)                   0.000     0.000    ps_i/Counter_Core_0/inst/clk_fs_p
    Y12                  IBUFDS (Prop_ibufds_I_O)     0.948     0.948 r  ps_i/Counter_Core_0/inst/ibufds_fs/O
                         net (fo=1, routed)           2.521     3.469    ps_i/Counter_Core_0/inst/clk_fs_ibuf
    BUFGCTRL_X0Y0        BUFG (Prop_bufg_I_O)         0.086     3.555 r  ps_i/Counter_Core_0/inst/bufg_fs/O
                         net (fo=599, routed)         1.389     4.944    ps_i/Counter_Core_0/inst/counter_core_inst/u_ts_engine/u_rd_ptr_cdc/CLK
    SLICE_X39Y26         FDRE                                         r  ps_i/Counter_Core_0/inst/counter_core_inst/u_ts_engine/u_rd_ptr_cdc/gray_s2_reg[12]/C
  -------------------------------------------------------------------    -------------------
    SLICE_X39Y26         FDRE (Prop_fdre_C_Q)         0.379     5.323 r  ps_i/Counter_Core_0/inst/counter_core_inst/u_ts_engine/u_rd_ptr_cdc/gray_s2_reg[12]/Q
                         net (fo=11, routed)          0.832     6.155    ps_i/Counter_Core_0/inst/counter_core_inst/u_ts_engine/u_rd_ptr_cdc/gray_s2[12]
    SLICE_X38Y24         LUT5 (Prop_lut5_I0_O)        0.105     6.260 r  ps_i/Counter_Core_0/inst/counter_core_inst/u_ts_engine/u_rd_ptr_cdc/fifo_full0_carry_i_17/O
                         net (fo=2, routed)           0.233     6.494    ps_i/Counter_Core_0/inst/counter_core_inst/u_ts_engine/u_rd_ptr_cdc/rd_ptr_bin_at_wr[8]
    SLICE_X38Y24         LUT6 (Prop_lut6_I0_O)        0.105     6.599 r  ps_i/Counter_Core_0/inst/counter_core_inst/u_ts_engine/u_rd_ptr_cdc/fifo_full0_carry_i_13/O
                         net (fo=1, routed)           0.452     7.050    ps_i/Counter_Core_0/inst/counter_core_inst/u_ts_engine/u_rd_ptr_cdc/rd_ptr_bin_at_wr[0]
    SLICE_X39Y23         LUT6 (Prop_lut6_I1_O)        0.105     7.155 r  ps_i/Counter_Core_0/inst/counter_core_inst/u_ts_engine/u_rd_ptr_cdc/fifo_full0_carry_i_4/O
                         net (fo=1, routed)           0.000     7.155    ps_i/Counter_Core_0/inst/counter_core_inst/u_ts_engine/u_rd_ptr_cdc_n_5
    SLICE_X39Y23         CARRY4 (Prop_carry4_S[0]_CO[3])
                                                      0.440     7.595 r  ps_i/Counter_Core_0/inst/counter_core_inst/u_ts_engine/fifo_full0_carry/CO[3]
                         net (fo=4, routed)           0.677     8.272    ps_i/Counter_Core_0/inst/counter_core_inst/u_ts_engine/u_rd_ptr_cdc/CO[0]
    SLICE_X42Y23         LUT6 (Prop_lut6_I3_O)        0.105     8.377 r  ps_i/Counter_Core_0/inst/counter_core_inst/u_ts_engine/u_rd_ptr_cdc/ovf_sticky_i_1/O
                         net (fo=34, routed)          0.642     9.019    ps_i/Counter_Core_0/inst/counter_core_inst/u_ts_engine/wr_drop
    SLICE_X40Y28         FDRE                                         r  ps_i/Counter_Core_0/inst/counter_core_inst/u_ts_engine/lost_count_fs_reg[24]/CE
  -------------------------------------------------------------------    -------------------

                         (clock clk_fs rise edge)     3.200     3.200 r  
    Y12                                               0.000     3.200 r  clk_fs_p (IN)
                         net (fo=0)                   0.000     3.200    ps_i/Counter_Core_0/inst/clk_fs_p
    Y12                  IBUFDS (Prop_ibufds_I_O)     0.908     4.108 r  ps_i/Counter_Core_0/inst/ibufds_fs/O
                         net (fo=1, routed)           2.156     6.264    ps_i/Counter_Core_0/inst/clk_fs_ibuf
    BUFGCTRL_X0Y0        BUFG (Prop_bufg_I_O)         0.078     6.342 r  ps_i/Counter_Core_0/inst/bufg_fs/O
                         net (fo=599, routed)         1.239     7.580    ps_i/Counter_Core_0/inst/counter_core_inst/u_ts_engine/CLK
    SLICE_X40Y28         FDRE                                         r  ps_i/Counter_Core_0/inst/counter_core_inst/u_ts_engine/lost_count_fs_reg[24]/C
                         clock pessimism              0.510     8.090    
                         clock uncertainty           -0.035     8.055    
    SLICE_X40Y28         FDRE (Setup_fdre_C_CE)      -0.168     7.887    ps_i/Counter_Core_0/inst/counter_core_inst/u_ts_engine/lost_count_fs_reg[24]
  -------------------------------------------------------------------
                         required time                          7.887    
                         arrival time                          -9.019    
  -------------------------------------------------------------------
                         slack                                 -1.132    

Slack (VIOLATED) :        -1.132ns  (required time - arrival time)
  Source:                 ps_i/Counter_Core_0/inst/counter_core_inst/u_ts_engine/u_rd_ptr_cdc/gray_s2_reg[12]/C
                            (rising edge-triggered cell FDRE clocked by clk_fs  {rise@0.000ns fall@1.600ns period=3.200ns})
  Destination:            ps_i/Counter_Core_0/inst/counter_core_inst/u_ts_engine/lost_count_fs_reg[25]/CE
                            (rising edge-triggered cell FDRE clocked by clk_fs  {rise@0.000ns fall@1.600ns period=3.200ns})
  Path Group:             clk_fs
  Path Type:              Setup (Max at Slow Process Corner)
  Requirement:            3.200ns  (clk_fs rise@3.200ns - clk_fs rise@0.000ns)
  Data Path Delay:        4.075ns  (logic 1.239ns (30.407%)  route 2.836ns (69.593%))
  Logic Levels:           5  (CARRY4=1 LUT5=1 LUT6=3)
  Clock Path Skew:        -0.054ns (DCD - SCD + CPR)
    Destination Clock Delay (DCD):    4.380ns = ( 7.580 - 3.200 ) 
    Source Clock Delay      (SCD):    4.944ns
    Clock Pessimism Removal (CPR):    0.510ns
  Clock Uncertainty:      0.035ns  ((TSJ^2 + TIJ^2)^1/2 + DJ) / 2 + PE
    Total System Jitter     (TSJ):    0.071ns
    Total Input Jitter      (TIJ):    0.000ns
    Discrete Jitter          (DJ):    0.000ns
    Phase Error              (PE):    0.000ns

    Location             Delay type                Incr(ns)  Path(ns)    Netlist Resource(s)
  -------------------------------------------------------------------    -------------------
                         (clock clk_fs rise edge)     0.000     0.000 r  
    Y12                                               0.000     0.000 r  clk_fs_p (IN)
                         net (fo=0)                   0.000     0.000    ps_i/Counter_Core_0/inst/clk_fs_p
    Y12                  IBUFDS (Prop_ibufds_I_O)     0.948     0.948 r  ps_i/Counter_Core_0/inst/ibufds_fs/O
                         net (fo=1, routed)           2.521     3.469    ps_i/Counter_Core_0/inst/clk_fs_ibuf
    BUFGCTRL_X0Y0        BUFG (Prop_bufg_I_O)         0.086     3.555 r  ps_i/Counter_Core_0/inst/bufg_fs/O
                         net (fo=599, routed)         1.389     4.944    ps_i/Counter_Core_0/inst/counter_core_inst/u_ts_engine/u_rd_ptr_cdc/CLK
    SLICE_X39Y26         FDRE                                         r  ps_i/Counter_Core_0/inst/counter_core_inst/u_ts_engine/u_rd_ptr_cdc/gray_s2_reg[12]/C
  -------------------------------------------------------------------    -------------------
    SLICE_X39Y26         FDRE (Prop_fdre_C_Q)         0.379     5.323 r  ps_i/Counter_Core_0/inst/counter_core_inst/u_ts_engine/u_rd_ptr_cdc/gray_s2_reg[12]/Q
                         net (fo=11, routed)          0.832     6.155    ps_i/Counter_Core_0/inst/counter_core_inst/u_ts_engine/u_rd_ptr_cdc/gray_s2[12]
    SLICE_X38Y24         LUT5 (Prop_lut5_I0_O)        0.105     6.260 r  ps_i/Counter_Core_0/inst/counter_core_inst/u_ts_engine/u_rd_ptr_cdc/fifo_full0_carry_i_17/O
                         net (fo=2, routed)           0.233     6.494    ps_i/Counter_Core_0/inst/counter_core_inst/u_ts_engine/u_rd_ptr_cdc/rd_ptr_bin_at_wr[8]
    SLICE_X38Y24         LUT6 (Prop_lut6_I0_O)        0.105     6.599 r  ps_i/Counter_Core_0/inst/counter_core_inst/u_ts_engine/u_rd_ptr_cdc/fifo_full0_carry_i_13/O
                         net (fo=1, routed)           0.452     7.050    ps_i/Counter_Core_0/inst/counter_core_inst/u_ts_engine/u_rd_ptr_cdc/rd_ptr_bin_at_wr[0]
    SLICE_X39Y23         LUT6 (Prop_lut6_I1_O)        0.105     7.155 r  ps_i/Counter_Core_0/inst/counter_core_inst/u_ts_engine/u_rd_ptr_cdc/fifo_full0_carry_i_4/O
                         net (fo=1, routed)           0.000     7.155    ps_i/Counter_Core_0/inst/counter_core_inst/u_ts_engine/u_rd_ptr_cdc_n_5
    SLICE_X39Y23         CARRY4 (Prop_carry4_S[0]_CO[3])
                                                      0.440     7.595 r  ps_i/Counter_Core_0/inst/counter_core_inst/u_ts_engine/fifo_full0_carry/CO[3]
                         net (fo=4, routed)           0.677     8.272    ps_i/Counter_Core_0/inst/counter_core_inst/u_ts_engine/u_rd_ptr_cdc/CO[0]
    SLICE_X42Y23         LUT6 (Prop_lut6_I3_O)        0.105     8.377 r  ps_i/Counter_Core_0/inst/counter_core_inst/u_ts_engine/u_rd_ptr_cdc/ovf_sticky_i_1/O
                         net (fo=34, routed)          0.642     9.019    ps_i/Counter_Core_0/inst/counter_core_inst/u_ts_engine/wr_drop
    SLICE_X40Y28         FDRE                                         r  ps_i/Counter_Core_0/inst/counter_core_inst/u_ts_engine/lost_count_fs_reg[25]/CE
  -------------------------------------------------------------------    -------------------

                         (clock clk_fs rise edge)     3.200     3.200 r  
    Y12                                               0.000     3.200 r  clk_fs_p (IN)
                         net (fo=0)                   0.000     3.200    ps_i/Counter_Core_0/inst/clk_fs_p
    Y12                  IBUFDS (Prop_ibufds_I_O)     0.908     4.108 r  ps_i/Counter_Core_0/inst/ibufds_fs/O
                         net (fo=1, routed)           2.156     6.264    ps_i/Counter_Core_0/inst/clk_fs_ibuf
    BUFGCTRL_X0Y0        BUFG (Prop_bufg_I_O)         0.078     6.342 r  ps_i/Counter_Core_0/inst/bufg_fs/O
                         net (fo=599, routed)         1.239     7.580    ps_i/Counter_Core_0/inst/counter_core_inst/u_ts_engine/CLK
    SLICE_X40Y28         FDRE                                         r  ps_i/Counter_Core_0/inst/counter_core_inst/u_ts_engine/lost_count_fs_reg[25]/C
                         clock pessimism              0.510     8.090    
                         clock uncertainty           -0.035     8.055    
    SLICE_X40Y28         FDRE (Setup_fdre_C_CE)      -0.168     7.887    ps_i/Counter_Core_0/inst/counter_core_inst/u_ts_engine/lost_count_fs_reg[25]
  -------------------------------------------------------------------
                         required time                          7.887    
                         arrival time                          -9.019    
  -------------------------------------------------------------------
                         slack                                 -1.132    





Min Delay Paths
--------------------------------------------------------------------------------------
Slack (MET) :             0.113ns  (arrival time - required time)
  Source:                 ps_i/Counter_Core_0/inst/counter_core_inst/u_ts_engine/free_run_cnt_d2_reg[5]/C
                            (rising edge-triggered cell FDRE clocked by clk_fs  {rise@0.000ns fall@1.600ns period=3.200ns})
  Destination:            ps_i/Counter_Core_0/inst/counter_core_inst/u_ts_engine/fifo_mem_reg_4/DIADI[1]
                            (rising edge-triggered cell RAMB36E1 clocked by clk_fs  {rise@0.000ns fall@1.600ns period=3.200ns})
  Path Group:             clk_fs
  Path Type:              Hold (Min at Fast Process Corner)
  Requirement:            0.000ns  (clk_fs rise@0.000ns - clk_fs rise@0.000ns)
  Data Path Delay:        0.471ns  (logic 0.164ns (34.831%)  route 0.307ns (65.169%))
  Logic Levels:           0  
  Clock Path Skew:        0.062ns (DCD - SCD - CPR)
    Destination Clock Delay (DCD):    2.833ns
    Source Clock Delay      (SCD):    2.287ns
    Clock Pessimism Removal (CPR):    0.485ns

    Location             Delay type                Incr(ns)  Path(ns)    Netlist Resource(s)
  -------------------------------------------------------------------    -------------------
                         (clock clk_fs rise edge)     0.000     0.000 r  
    Y12                                               0.000     0.000 r  clk_fs_p (IN)
                         net (fo=0)                   0.000     0.000    ps_i/Counter_Core_0/inst/clk_fs_p
    Y12                  IBUFDS (Prop_ibufds_I_O)     0.443     0.443 r  ps_i/Counter_Core_0/inst/ibufds_fs/O
                         net (fo=1, routed)           1.267     1.710    ps_i/Counter_Core_0/inst/clk_fs_ibuf
    BUFGCTRL_X0Y0        BUFG (Prop_bufg_I_O)         0.027     1.737 r  ps_i/Counter_Core_0/inst/bufg_fs/O
                         net (fo=599, routed)         0.550     2.287    ps_i/Counter_Core_0/inst/counter_core_inst/u_ts_engine/CLK
    SLICE_X32Y23         FDRE                                         r  ps_i/Counter_Core_0/inst/counter_core_inst/u_ts_engine/free_run_cnt_d2_reg[5]/C
  -------------------------------------------------------------------    -------------------
    SLICE_X32Y23         FDRE (Prop_fdre_C_Q)         0.164     2.451 r  ps_i/Counter_Core_0/inst/counter_core_inst/u_ts_engine/free_run_cnt_d2_reg[5]/Q
                         net (fo=1, routed)           0.307     2.758    ps_i/Counter_Core_0/inst/counter_core_inst/u_ts_engine/free_run_cnt_d2[5]
    RAMB36_X2Y2          RAMB36E1                                     r  ps_i/Counter_Core_0/inst/counter_core_inst/u_ts_engine/fifo_mem_reg_4/DIADI[1]
  -------------------------------------------------------------------    -------------------

                         (clock clk_fs rise edge)     0.000     0.000 r  
    Y12                                               0.000     0.000 r  clk_fs_p (IN)
                         net (fo=0)                   0.000     0.000    ps_i/Counter_Core_0/inst/clk_fs_p
    Y12                  IBUFDS (Prop_ibufds_I_O)     0.479     0.479 r  ps_i/Counter_Core_0/inst/ibufds_fs/O
                         net (fo=1, routed)           1.463     1.942    ps_i/Counter_Core_0/inst/clk_fs_ibuf
    BUFGCTRL_X0Y0        BUFG (Prop_bufg_I_O)         0.030     1.972 r  ps_i/Counter_Core_0/inst/bufg_fs/O
                         net (fo=599, routed)         0.862     2.833    ps_i/Counter_Core_0/inst/counter_core_inst/u_ts_engine/CLK
    RAMB36_X2Y2          RAMB36E1                                     r  ps_i/Counter_Core_0/inst/counter_core_inst/u_ts_engine/fifo_mem_reg_4/CLKARDCLK
                         clock pessimism             -0.485     2.349    
    RAMB36_X2Y2          RAMB36E1 (Hold_ramb36e1_CLKARDCLK_DIADI[1])
                                                      0.296     2.645    ps_i/Counter_Core_0/inst/counter_core_inst/u_ts_engine/fifo_mem_reg_4
  -------------------------------------------------------------------
                         required time                         -2.645    
                         arrival time                           2.758    
  -------------------------------------------------------------------
                         slack                                  0.113    

Slack (MET) :             0.118ns  (arrival time - required time)
  Source:                 ps_i/Counter_Core_0/inst/counter_core_inst/u_ts_engine/free_run_cnt_d2_reg[6]/C
                            (rising edge-triggered cell FDRE clocked by clk_fs  {rise@0.000ns fall@1.600ns period=3.200ns})
  Destination:            ps_i/Counter_Core_0/inst/counter_core_inst/u_ts_engine/fifo_mem_reg_4/DIADI[2]
                            (rising edge-triggered cell RAMB36E1 clocked by clk_fs  {rise@0.000ns fall@1.600ns period=3.200ns})
  Path Group:             clk_fs
  Path Type:              Hold (Min at Fast Process Corner)
  Requirement:            0.000ns  (clk_fs rise@0.000ns - clk_fs rise@0.000ns)
  Data Path Delay:        0.493ns  (logic 0.141ns (28.623%)  route 0.352ns (71.377%))
  Logic Levels:           0  
  Clock Path Skew:        0.079ns (DCD - SCD - CPR)
    Destination Clock Delay (DCD):    2.833ns
    Source Clock Delay      (SCD):    2.287ns
    Clock Pessimism Removal (CPR):    0.468ns

    Location             Delay type                Incr(ns)  Path(ns)    Netlist Resource(s)
  -------------------------------------------------------------------    -------------------
                         (clock clk_fs rise edge)     0.000     0.000 r  
    Y12                                               0.000     0.000 r  clk_fs_p (IN)
                         net (fo=0)                   0.000     0.000    ps_i/Counter_Core_0/inst/clk_fs_p
    Y12                  IBUFDS (Prop_ibufds_I_O)     0.443     0.443 r  ps_i/Counter_Core_0/inst/ibufds_fs/O
                         net (fo=1, routed)           1.267     1.710    ps_i/Counter_Core_0/inst/clk_fs_ibuf
    BUFGCTRL_X0Y0        BUFG (Prop_bufg_I_O)         0.027     1.737 r  ps_i/Counter_Core_0/inst/bufg_fs/O
                         net (fo=599, routed)         0.550     2.287    ps_i/Counter_Core_0/inst/counter_core_inst/u_ts_engine/CLK
    SLICE_X43Y21         FDRE                                         r  ps_i/Counter_Core_0/inst/counter_core_inst/u_ts_engine/free_run_cnt_d2_reg[6]/C
  -------------------------------------------------------------------    -------------------
    SLICE_X43Y21         FDRE (Prop_fdre_C_Q)         0.141     2.428 r  ps_i/Counter_Core_0/inst/counter_core_inst/u_ts_engine/free_run_cnt_d2_reg[6]/Q
                         net (fo=1, routed)           0.352     2.779    ps_i/Counter_Core_0/inst/counter_core_inst/u_ts_engine/free_run_cnt_d2[6]
    RAMB36_X2Y2          RAMB36E1                                     r  ps_i/Counter_Core_0/inst/counter_core_inst/u_ts_engine/fifo_mem_reg_4/DIADI[2]
  -------------------------------------------------------------------    -------------------

                         (clock clk_fs rise edge)     0.000     0.000 r  
    Y12                                               0.000     0.000 r  clk_fs_p (IN)
                         net (fo=0)                   0.000     0.000    ps_i/Counter_Core_0/inst/clk_fs_p
    Y12                  IBUFDS (Prop_ibufds_I_O)     0.479     0.479 r  ps_i/Counter_Core_0/inst/ibufds_fs/O
                         net (fo=1, routed)           1.463     1.942    ps_i/Counter_Core_0/inst/clk_fs_ibuf
    BUFGCTRL_X0Y0        BUFG (Prop_bufg_I_O)         0.030     1.972 r  ps_i/Counter_Core_0/inst/bufg_fs/O
                         net (fo=599, routed)         0.862     2.833    ps_i/Counter_Core_0/inst/counter_core_inst/u_ts_engine/CLK
    RAMB36_X2Y2          RAMB36E1                                     r  ps_i/Counter_Core_0/inst/counter_core_inst/u_ts_engine/fifo_mem_reg_4/CLKARDCLK
                         clock pessimism             -0.468     2.366    
    RAMB36_X2Y2          RAMB36E1 (Hold_ramb36e1_CLKARDCLK_DIADI[2])
                                                      0.296     2.662    ps_i/Counter_Core_0/inst/counter_core_inst/u_ts_engine/fifo_mem_reg_4
  -------------------------------------------------------------------
                         required time                         -2.662    
                         arrival time                           2.779    
  -------------------------------------------------------------------
                         slack                                  0.118    

Slack (MET) :             0.118ns  (arrival time - required time)
  Source:                 ps_i/Counter_Core_0/inst/counter_core_inst/u_ts_engine/u_rd_ptr_cdc/gray_s1_reg[5]/C
                            (rising edge-triggered cell FDRE clocked by clk_fs  {rise@0.000ns fall@1.600ns period=3.200ns})
  Destination:            ps_i/Counter_Core_0/inst/counter_core_inst/u_ts_engine/u_rd_ptr_cdc/gray_s2_reg[5]/D
                            (rising edge-triggered cell FDRE clocked by clk_fs  {rise@0.000ns fall@1.600ns period=3.200ns})
  Path Group:             clk_fs
  Path Type:              Hold (Min at Fast Process Corner)
  Requirement:            0.000ns  (clk_fs rise@0.000ns - clk_fs rise@0.000ns)
  Data Path Delay:        0.196ns  (logic 0.141ns (71.838%)  route 0.055ns (28.162%))
  Logic Levels:           0  
  Clock Path Skew:        0.000ns (DCD - SCD - CPR)
    Destination Clock Delay (DCD):    2.783ns
    Source Clock Delay      (SCD):    2.284ns
    Clock Pessimism Removal (CPR):    0.499ns

    Location             Delay type                Incr(ns)  Path(ns)    Netlist Resource(s)
  -------------------------------------------------------------------    -------------------
                         (clock clk_fs rise edge)     0.000     0.000 r  
    Y12                                               0.000     0.000 r  clk_fs_p (IN)
                         net (fo=0)                   0.000     0.000    ps_i/Counter_Core_0/inst/clk_fs_p
    Y12                  IBUFDS (Prop_ibufds_I_O)     0.443     0.443 r  ps_i/Counter_Core_0/inst/ibufds_fs/O
                         net (fo=1, routed)           1.267     1.710    ps_i/Counter_Core_0/inst/clk_fs_ibuf
    BUFGCTRL_X0Y0        BUFG (Prop_bufg_I_O)         0.027     1.737 r  ps_i/Counter_Core_0/inst/bufg_fs/O
                         net (fo=599, routed)         0.547     2.284    ps_i/Counter_Core_0/inst/counter_core_inst/u_ts_engine/u_rd_ptr_cdc/CLK
    SLICE_X39Y24         FDRE                                         r  ps_i/Counter_Core_0/inst/counter_core_inst/u_ts_engine/u_rd_ptr_cdc/gray_s1_reg[5]/C
  -------------------------------------------------------------------    -------------------
    SLICE_X39Y24         FDRE (Prop_fdre_C_Q)         0.141     2.425 r  ps_i/Counter_Core_0/inst/counter_core_inst/u_ts_engine/u_rd_ptr_cdc/gray_s1_reg[5]/Q
                         net (fo=1, routed)           0.055     2.480    ps_i/Counter_Core_0/inst/counter_core_inst/u_ts_engine/u_rd_ptr_cdc/gray_s1[5]
    SLICE_X39Y24         FDRE                                         r  ps_i/Counter_Core_0/inst/counter_core_inst/u_ts_engine/u_rd_ptr_cdc/gray_s2_reg[5]/D
  -------------------------------------------------------------------    -------------------

                         (clock clk_fs rise edge)     0.000     0.000 r  
    Y12                                               0.000     0.000 r  clk_fs_p (IN)
                         net (fo=0)                   0.000     0.000    ps_i/Counter_Core_0/inst/clk_fs_p
    Y12                  IBUFDS (Prop_ibufds_I_O)     0.479     0.479 r  ps_i/Counter_Core_0/inst/ibufds_fs/O
                         net (fo=1, routed)           1.463     1.942    ps_i/Counter_Core_0/inst/clk_fs_ibuf
    BUFGCTRL_X0Y0        BUFG (Prop_bufg_I_O)         0.030     1.972 r  ps_i/Counter_Core_0/inst/bufg_fs/O
                         net (fo=599, routed)         0.811     2.783    ps_i/Counter_Core_0/inst/counter_core_inst/u_ts_engine/u_rd_ptr_cdc/CLK
    SLICE_X39Y24         FDRE                                         r  ps_i/Counter_Core_0/inst/counter_core_inst/u_ts_engine/u_rd_ptr_cdc/gray_s2_reg[5]/C
                         clock pessimism             -0.499     2.284    
    SLICE_X39Y24         FDRE (Hold_fdre_C_D)         0.078     2.362    ps_i/Counter_Core_0/inst/counter_core_inst/u_ts_engine/u_rd_ptr_cdc/gray_s2_reg[5]
  -------------------------------------------------------------------
                         required time                         -2.362    
                         arrival time                           2.480    
  -------------------------------------------------------------------
                         slack                                  0.118    

Slack (MET) :             0.120ns  (arrival time - required time)
  Source:                 ps_i/Counter_Core_0/inst/counter_core_inst/u_ts_engine/free_run_cnt_d2_reg[8]/C
                            (rising edge-triggered cell FDRE clocked by clk_fs  {rise@0.000ns fall@1.600ns period=3.200ns})
  Destination:            ps_i/Counter_Core_0/inst/counter_core_inst/u_ts_engine/fifo_mem_reg_4/DIADI[4]
                            (rising edge-triggered cell RAMB36E1 clocked by clk_fs  {rise@0.000ns fall@1.600ns period=3.200ns})
  Path Group:             clk_fs
  Path Type:              Hold (Min at Fast Process Corner)
  Requirement:            0.000ns  (clk_fs rise@0.000ns - clk_fs rise@0.000ns)
  Data Path Delay:        0.495ns  (logic 0.141ns (28.507%)  route 0.354ns (71.493%))
  Logic Levels:           0  
  Clock Path Skew:        0.079ns (DCD - SCD - CPR)
    Destination Clock Delay (DCD):    2.833ns
    Source Clock Delay      (SCD):    2.287ns
    Clock Pessimism Removal (CPR):    0.468ns

    Location             Delay type                Incr(ns)  Path(ns)    Netlist Resource(s)
  -------------------------------------------------------------------    -------------------
                         (clock clk_fs rise edge)     0.000     0.000 r  
    Y12                                               0.000     0.000 r  clk_fs_p (IN)
                         net (fo=0)                   0.000     0.000    ps_i/Counter_Core_0/inst/clk_fs_p
    Y12                  IBUFDS (Prop_ibufds_I_O)     0.443     0.443 r  ps_i/Counter_Core_0/inst/ibufds_fs/O
                         net (fo=1, routed)           1.267     1.710    ps_i/Counter_Core_0/inst/clk_fs_ibuf
    BUFGCTRL_X0Y0        BUFG (Prop_bufg_I_O)         0.027     1.737 r  ps_i/Counter_Core_0/inst/bufg_fs/O
                         net (fo=599, routed)         0.550     2.287    ps_i/Counter_Core_0/inst/counter_core_inst/u_ts_engine/CLK
    SLICE_X43Y21         FDRE                                         r  ps_i/Counter_Core_0/inst/counter_core_inst/u_ts_engine/free_run_cnt_d2_reg[8]/C
  -------------------------------------------------------------------    -------------------
    SLICE_X43Y21         FDRE (Prop_fdre_C_Q)         0.141     2.428 r  ps_i/Counter_Core_0/inst/counter_core_inst/u_ts_engine/free_run_cnt_d2_reg[8]/Q
                         net (fo=1, routed)           0.354     2.781    ps_i/Counter_Core_0/inst/counter_core_inst/u_ts_engine/free_run_cnt_d2[8]
    RAMB36_X2Y2          RAMB36E1                                     r  ps_i/Counter_Core_0/inst/counter_core_inst/u_ts_engine/fifo_mem_reg_4/DIADI[4]
  -------------------------------------------------------------------    -------------------

                         (clock clk_fs rise edge)     0.000     0.000 r  
    Y12                                               0.000     0.000 r  clk_fs_p (IN)
                         net (fo=0)                   0.000     0.000    ps_i/Counter_Core_0/inst/clk_fs_p
    Y12                  IBUFDS (Prop_ibufds_I_O)     0.479     0.479 r  ps_i/Counter_Core_0/inst/ibufds_fs/O
                         net (fo=1, routed)           1.463     1.942    ps_i/Counter_Core_0/inst/clk_fs_ibuf
    BUFGCTRL_X0Y0        BUFG (Prop_bufg_I_O)         0.030     1.972 r  ps_i/Counter_Core_0/inst/bufg_fs/O
                         net (fo=599, routed)         0.862     2.833    ps_i/Counter_Core_0/inst/counter_core_inst/u_ts_engine/CLK
    RAMB36_X2Y2          RAMB36E1                                     r  ps_i/Counter_Core_0/inst/counter_core_inst/u_ts_engine/fifo_mem_reg_4/CLKARDCLK
                         clock pessimism             -0.468     2.366    
    RAMB36_X2Y2          RAMB36E1 (Hold_ramb36e1_CLKARDCLK_DIADI[4])
                                                      0.296     2.662    ps_i/Counter_Core_0/inst/counter_core_inst/u_ts_engine/fifo_mem_reg_4
  -------------------------------------------------------------------
                         required time                         -2.662    
                         arrival time                           2.781    
  -------------------------------------------------------------------
                         slack                                  0.120    

Slack (MET) :             0.120ns  (arrival time - required time)
  Source:                 ps_i/Counter_Core_0/inst/counter_core_inst/u_ts_engine/u_rd_ptr_cdc/gray_s1_reg[4]/C
                            (rising edge-triggered cell FDRE clocked by clk_fs  {rise@0.000ns fall@1.600ns period=3.200ns})
  Destination:            ps_i/Counter_Core_0/inst/counter_core_inst/u_ts_engine/u_rd_ptr_cdc/gray_s2_reg[4]/D
                            (rising edge-triggered cell FDRE clocked by clk_fs  {rise@0.000ns fall@1.600ns period=3.200ns})
  Path Group:             clk_fs
  Path Type:              Hold (Min at Fast Process Corner)
  Requirement:            0.000ns  (clk_fs rise@0.000ns - clk_fs rise@0.000ns)
  Data Path Delay:        0.196ns  (logic 0.141ns (71.838%)  route 0.055ns (28.162%))
  Logic Levels:           0  
  Clock Path Skew:        0.000ns (DCD - SCD - CPR)
    Destination Clock Delay (DCD):    2.783ns
    Source Clock Delay      (SCD):    2.284ns
    Clock Pessimism Removal (CPR):    0.499ns

    Location             Delay type                Incr(ns)  Path(ns)    Netlist Resource(s)
  -------------------------------------------------------------------    -------------------
                         (clock clk_fs rise edge)     0.000     0.000 r  
    Y12                                               0.000     0.000 r  clk_fs_p (IN)
                         net (fo=0)                   0.000     0.000    ps_i/Counter_Core_0/inst/clk_fs_p
    Y12                  IBUFDS (Prop_ibufds_I_O)     0.443     0.443 r  ps_i/Counter_Core_0/inst/ibufds_fs/O
                         net (fo=1, routed)           1.267     1.710    ps_i/Counter_Core_0/inst/clk_fs_ibuf
    BUFGCTRL_X0Y0        BUFG (Prop_bufg_I_O)         0.027     1.737 r  ps_i/Counter_Core_0/inst/bufg_fs/O
                         net (fo=599, routed)         0.547     2.284    ps_i/Counter_Core_0/inst/counter_core_inst/u_ts_engine/u_rd_ptr_cdc/CLK
    SLICE_X39Y24         FDRE                                         r  ps_i/Counter_Core_0/inst/counter_core_inst/u_ts_engine/u_rd_ptr_cdc/gray_s1_reg[4]/C
  -------------------------------------------------------------------    -------------------
    SLICE_X39Y24         FDRE (Prop_fdre_C_Q)         0.141     2.425 r  ps_i/Counter_Core_0/inst/counter_core_inst/u_ts_engine/u_rd_ptr_cdc/gray_s1_reg[4]/Q
                         net (fo=1, routed)           0.055     2.480    ps_i/Counter_Core_0/inst/counter_core_inst/u_ts_engine/u_rd_ptr_cdc/gray_s1[4]
    SLICE_X39Y24         FDRE                                         r  ps_i/Counter_Core_0/inst/counter_core_inst/u_ts_engine/u_rd_ptr_cdc/gray_s2_reg[4]/D
  -------------------------------------------------------------------    -------------------

                         (clock clk_fs rise edge)     0.000     0.000 r  
    Y12                                               0.000     0.000 r  clk_fs_p (IN)
                         net (fo=0)                   0.000     0.000    ps_i/Counter_Core_0/inst/clk_fs_p
    Y12                  IBUFDS (Prop_ibufds_I_O)     0.479     0.479 r  ps_i/Counter_Core_0/inst/ibufds_fs/O
                         net (fo=1, routed)           1.463     1.942    ps_i/Counter_Core_0/inst/clk_fs_ibuf
    BUFGCTRL_X0Y0        BUFG (Prop_bufg_I_O)         0.030     1.972 r  ps_i/Counter_Core_0/inst/bufg_fs/O
                         net (fo=599, routed)         0.811     2.783    ps_i/Counter_Core_0/inst/counter_core_inst/u_ts_engine/u_rd_ptr_cdc/CLK
    SLICE_X39Y24         FDRE                                         r  ps_i/Counter_Core_0/inst/counter_core_inst/u_ts_engine/u_rd_ptr_cdc/gray_s2_reg[4]/C
                         clock pessimism             -0.499     2.284    
    SLICE_X39Y24         FDRE (Hold_fdre_C_D)         0.076     2.360    ps_i/Counter_Core_0/inst/counter_core_inst/u_ts_engine/u_rd_ptr_cdc/gray_s2_reg[4]
  -------------------------------------------------------------------
                         required time                         -2.360    
                         arrival time                           2.480    
  -------------------------------------------------------------------
                         slack                                  0.120    

Slack (MET) :             0.121ns  (arrival time - required time)
  Source:                 ps_i/Counter_Core_0/inst/counter_core_inst/u_rst_fs/sync_reg[0]/C
                            (rising edge-triggered cell FDCE clocked by clk_fs  {rise@0.000ns fall@1.600ns period=3.200ns})
  Destination:            ps_i/Counter_Core_0/inst/counter_core_inst/u_rst_fs/sync_reg[1]/D
                            (rising edge-triggered cell FDCE clocked by clk_fs  {rise@0.000ns fall@1.600ns period=3.200ns})
  Path Group:             clk_fs
  Path Type:              Hold (Min at Fast Process Corner)
  Requirement:            0.000ns  (clk_fs rise@0.000ns - clk_fs rise@0.000ns)
  Data Path Delay:        0.196ns  (logic 0.141ns (71.838%)  route 0.055ns (28.162%))
  Logic Levels:           0  
  Clock Path Skew:        0.000ns (DCD - SCD - CPR)
    Destination Clock Delay (DCD):    2.819ns
    Source Clock Delay      (SCD):    2.317ns
    Clock Pessimism Removal (CPR):    0.502ns

    Location             Delay type                Incr(ns)  Path(ns)    Netlist Resource(s)
  -------------------------------------------------------------------    -------------------
                         (clock clk_fs rise edge)     0.000     0.000 r  
    Y12                                               0.000     0.000 r  clk_fs_p (IN)
                         net (fo=0)                   0.000     0.000    ps_i/Counter_Core_0/inst/clk_fs_p
    Y12                  IBUFDS (Prop_ibufds_I_O)     0.443     0.443 r  ps_i/Counter_Core_0/inst/ibufds_fs/O
                         net (fo=1, routed)           1.267     1.710    ps_i/Counter_Core_0/inst/clk_fs_ibuf
    BUFGCTRL_X0Y0        BUFG (Prop_bufg_I_O)         0.027     1.737 r  ps_i/Counter_Core_0/inst/bufg_fs/O
                         net (fo=599, routed)         0.580     2.317    ps_i/Counter_Core_0/inst/counter_core_inst/u_rst_fs/CLK
    SLICE_X61Y37         FDCE                                         r  ps_i/Counter_Core_0/inst/counter_core_inst/u_rst_fs/sync_reg[0]/C
  -------------------------------------------------------------------    -------------------
    SLICE_X61Y37         FDCE (Prop_fdce_C_Q)         0.141     2.458 r  ps_i/Counter_Core_0/inst/counter_core_inst/u_rst_fs/sync_reg[0]/Q
                         net (fo=1, routed)           0.055     2.513    ps_i/Counter_Core_0/inst/counter_core_inst/u_rst_fs/sync[0]
    SLICE_X61Y37         FDCE                                         r  ps_i/Counter_Core_0/inst/counter_core_inst/u_rst_fs/sync_reg[1]/D
  -------------------------------------------------------------------    -------------------

                         (clock clk_fs rise edge)     0.000     0.000 r  
    Y12                                               0.000     0.000 r  clk_fs_p (IN)
                         net (fo=0)                   0.000     0.000    ps_i/Counter_Core_0/inst/clk_fs_p
    Y12                  IBUFDS (Prop_ibufds_I_O)     0.479     0.479 r  ps_i/Counter_Core_0/inst/ibufds_fs/O
                         net (fo=1, routed)           1.463     1.942    ps_i/Counter_Core_0/inst/clk_fs_ibuf
    BUFGCTRL_X0Y0        BUFG (Prop_bufg_I_O)         0.030     1.972 r  ps_i/Counter_Core_0/inst/bufg_fs/O
                         net (fo=599, routed)         0.847     2.819    ps_i/Counter_Core_0/inst/counter_core_inst/u_rst_fs/CLK
    SLICE_X61Y37         FDCE                                         r  ps_i/Counter_Core_0/inst/counter_core_inst/u_rst_fs/sync_reg[1]/C
                         clock pessimism             -0.502     2.317    
    SLICE_X61Y37         FDCE (Hold_fdce_C_D)         0.075     2.392    ps_i/Counter_Core_0/inst/counter_core_inst/u_rst_fs/sync_reg[1]
  -------------------------------------------------------------------
                         required time                         -2.392    
                         arrival time                           2.513    
  -------------------------------------------------------------------
                         slack                                  0.121    

Slack (MET) :             0.121ns  (arrival time - required time)
  Source:                 ps_i/Counter_Core_0/inst/counter_core_inst/u_ts_rst_fs/sync_reg[0]/C
                            (rising edge-triggered cell FDCE clocked by clk_fs  {rise@0.000ns fall@1.600ns period=3.200ns})
  Destination:            ps_i/Counter_Core_0/inst/counter_core_inst/u_ts_rst_fs/sync_reg[1]/D
                            (rising edge-triggered cell FDCE clocked by clk_fs  {rise@0.000ns fall@1.600ns period=3.200ns})
  Path Group:             clk_fs
  Path Type:              Hold (Min at Fast Process Corner)
  Requirement:            0.000ns  (clk_fs rise@0.000ns - clk_fs rise@0.000ns)
  Data Path Delay:        0.196ns  (logic 0.141ns (71.838%)  route 0.055ns (28.162%))
  Logic Levels:           0  
  Clock Path Skew:        0.000ns (DCD - SCD - CPR)
    Destination Clock Delay (DCD):    2.790ns
    Source Clock Delay      (SCD):    2.290ns
    Clock Pessimism Removal (CPR):    0.500ns

    Location             Delay type                Incr(ns)  Path(ns)    Netlist Resource(s)
  -------------------------------------------------------------------    -------------------
                         (clock clk_fs rise edge)     0.000     0.000 r  
    Y12                                               0.000     0.000 r  clk_fs_p (IN)
                         net (fo=0)                   0.000     0.000    ps_i/Counter_Core_0/inst/clk_fs_p
    Y12                  IBUFDS (Prop_ibufds_I_O)     0.443     0.443 r  ps_i/Counter_Core_0/inst/ibufds_fs/O
                         net (fo=1, routed)           1.267     1.710    ps_i/Counter_Core_0/inst/clk_fs_ibuf
    BUFGCTRL_X0Y0        BUFG (Prop_bufg_I_O)         0.027     1.737 r  ps_i/Counter_Core_0/inst/bufg_fs/O
                         net (fo=599, routed)         0.553     2.290    ps_i/Counter_Core_0/inst/counter_core_inst/u_ts_rst_fs/CLK
    SLICE_X47Y31         FDCE                                         r  ps_i/Counter_Core_0/inst/counter_core_inst/u_ts_rst_fs/sync_reg[0]/C
  -------------------------------------------------------------------    -------------------
    SLICE_X47Y31         FDCE (Prop_fdce_C_Q)         0.141     2.431 r  ps_i/Counter_Core_0/inst/counter_core_inst/u_ts_rst_fs/sync_reg[0]/Q
                         net (fo=1, routed)           0.055     2.486    ps_i/Counter_Core_0/inst/counter_core_inst/u_ts_rst_fs/sync[0]
    SLICE_X47Y31         FDCE                                         r  ps_i/Counter_Core_0/inst/counter_core_inst/u_ts_rst_fs/sync_reg[1]/D
  -------------------------------------------------------------------    -------------------

                         (clock clk_fs rise edge)     0.000     0.000 r  
    Y12                                               0.000     0.000 r  clk_fs_p (IN)
                         net (fo=0)                   0.000     0.000    ps_i/Counter_Core_0/inst/clk_fs_p
    Y12                  IBUFDS (Prop_ibufds_I_O)     0.479     0.479 r  ps_i/Counter_Core_0/inst/ibufds_fs/O
                         net (fo=1, routed)           1.463     1.942    ps_i/Counter_Core_0/inst/clk_fs_ibuf
    BUFGCTRL_X0Y0        BUFG (Prop_bufg_I_O)         0.030     1.972 r  ps_i/Counter_Core_0/inst/bufg_fs/O
                         net (fo=599, routed)         0.818     2.790    ps_i/Counter_Core_0/inst/counter_core_inst/u_ts_rst_fs/CLK
    SLICE_X47Y31         FDCE                                         r  ps_i/Counter_Core_0/inst/counter_core_inst/u_ts_rst_fs/sync_reg[1]/C
                         clock pessimism             -0.500     2.290    
    SLICE_X47Y31         FDCE (Hold_fdce_C_D)         0.075     2.365    ps_i/Counter_Core_0/inst/counter_core_inst/u_ts_rst_fs/sync_reg[1]
  -------------------------------------------------------------------
                         required time                         -2.365    
                         arrival time                           2.486    
  -------------------------------------------------------------------
                         slack                                  0.121    

Slack (MET) :             0.121ns  (arrival time - required time)
  Source:                 ps_i/Counter_Core_0/inst/counter_core_inst/u_eq_start_sync/sync_reg[0]/C
                            (rising edge-triggered cell FDRE clocked by clk_fs  {rise@0.000ns fall@1.600ns period=3.200ns})
  Destination:            ps_i/Counter_Core_0/inst/counter_core_inst/u_eq_start_sync/sync_reg[1]/D
                            (rising edge-triggered cell FDRE clocked by clk_fs  {rise@0.000ns fall@1.600ns period=3.200ns})
  Path Group:             clk_fs
  Path Type:              Hold (Min at Fast Process Corner)
  Requirement:            0.000ns  (clk_fs rise@0.000ns - clk_fs rise@0.000ns)
  Data Path Delay:        0.196ns  (logic 0.141ns (71.838%)  route 0.055ns (28.162%))
  Logic Levels:           0  
  Clock Path Skew:        0.000ns (DCD - SCD - CPR)
    Destination Clock Delay (DCD):    2.816ns
    Source Clock Delay      (SCD):    2.314ns
    Clock Pessimism Removal (CPR):    0.502ns

    Location             Delay type                Incr(ns)  Path(ns)    Netlist Resource(s)
  -------------------------------------------------------------------    -------------------
                         (clock clk_fs rise edge)     0.000     0.000 r  
    Y12                                               0.000     0.000 r  clk_fs_p (IN)
                         net (fo=0)                   0.000     0.000    ps_i/Counter_Core_0/inst/clk_fs_p
    Y12                  IBUFDS (Prop_ibufds_I_O)     0.443     0.443 r  ps_i/Counter_Core_0/inst/ibufds_fs/O
                         net (fo=1, routed)           1.267     1.710    ps_i/Counter_Core_0/inst/clk_fs_ibuf
    BUFGCTRL_X0Y0        BUFG (Prop_bufg_I_O)         0.027     1.737 r  ps_i/Counter_Core_0/inst/bufg_fs/O
                         net (fo=599, routed)         0.577     2.314    ps_i/Counter_Core_0/inst/counter_core_inst/u_eq_start_sync/CLK
    SLICE_X55Y37         FDRE                                         r  ps_i/Counter_Core_0/inst/counter_core_inst/u_eq_start_sync/sync_reg[0]/C
  -------------------------------------------------------------------    -------------------
    SLICE_X55Y37         FDRE (Prop_fdre_C_Q)         0.141     2.455 r  ps_i/Counter_Core_0/inst/counter_core_inst/u_eq_start_sync/sync_reg[0]/Q
                         net (fo=1, routed)           0.055     2.510    ps_i/Counter_Core_0/inst/counter_core_inst/u_eq_start_sync/sync[0]
    SLICE_X55Y37         FDRE                                         r  ps_i/Counter_Core_0/inst/counter_core_inst/u_eq_start_sync/sync_reg[1]/D
  -------------------------------------------------------------------    -------------------

                         (clock clk_fs rise edge)     0.000     0.000 r  
    Y12                                               0.000     0.000 r  clk_fs_p (IN)
                         net (fo=0)                   0.000     0.000    ps_i/Counter_Core_0/inst/clk_fs_p
    Y12                  IBUFDS (Prop_ibufds_I_O)     0.479     0.479 r  ps_i/Counter_Core_0/inst/ibufds_fs/O
                         net (fo=1, routed)           1.463     1.942    ps_i/Counter_Core_0/inst/clk_fs_ibuf
    BUFGCTRL_X0Y0        BUFG (Prop_bufg_I_O)         0.030     1.972 r  ps_i/Counter_Core_0/inst/bufg_fs/O
                         net (fo=599, routed)         0.844     2.816    ps_i/Counter_Core_0/inst/counter_core_inst/u_eq_start_sync/CLK
    SLICE_X55Y37         FDRE                                         r  ps_i/Counter_Core_0/inst/counter_core_inst/u_eq_start_sync/sync_reg[1]/C
                         clock pessimism             -0.502     2.314    
    SLICE_X55Y37         FDRE (Hold_fdre_C_D)         0.075     2.389    ps_i/Counter_Core_0/inst/counter_core_inst/u_eq_start_sync/sync_reg[1]
  -------------------------------------------------------------------
                         required time                         -2.389    
                         arrival time                           2.510    
  -------------------------------------------------------------------
                         slack                                  0.121    

Slack (MET) :             0.122ns  (arrival time - required time)
  Source:                 ps_i/Counter_Core_0/inst/counter_core_inst/u_ts_engine/free_run_cnt_d2_reg[10]/C
                            (rising edge-triggered cell FDRE clocked by clk_fs  {rise@0.000ns fall@1.600ns period=3.200ns})
  Destination:            ps_i/Counter_Core_0/inst/counter_core_inst/u_ts_engine/fifo_mem_reg_4/DIADI[6]
                            (rising edge-triggered cell RAMB36E1 clocked by clk_fs  {rise@0.000ns fall@1.600ns period=3.200ns})
  Path Group:             clk_fs
  Path Type:              Hold (Min at Fast Process Corner)
  Requirement:            0.000ns  (clk_fs rise@0.000ns - clk_fs rise@0.000ns)
  Data Path Delay:        0.497ns  (logic 0.164ns (32.982%)  route 0.333ns (67.019%))
  Logic Levels:           0  
  Clock Path Skew:        0.080ns (DCD - SCD - CPR)
    Destination Clock Delay (DCD):    2.833ns
    Source Clock Delay      (SCD):    2.286ns
    Clock Pessimism Removal (CPR):    0.468ns

    Location             Delay type                Incr(ns)  Path(ns)    Netlist Resource(s)
  -------------------------------------------------------------------    -------------------
                         (clock clk_fs rise edge)     0.000     0.000 r  
    Y12                                               0.000     0.000 r  clk_fs_p (IN)
                         net (fo=0)                   0.000     0.000    ps_i/Counter_Core_0/inst/clk_fs_p
    Y12                  IBUFDS (Prop_ibufds_I_O)     0.443     0.443 r  ps_i/Counter_Core_0/inst/ibufds_fs/O
                         net (fo=1, routed)           1.267     1.710    ps_i/Counter_Core_0/inst/clk_fs_ibuf
    BUFGCTRL_X0Y0        BUFG (Prop_bufg_I_O)         0.027     1.737 r  ps_i/Counter_Core_0/inst/bufg_fs/O
                         net (fo=599, routed)         0.549     2.286    ps_i/Counter_Core_0/inst/counter_core_inst/u_ts_engine/CLK
    SLICE_X34Y24         FDRE                                         r  ps_i/Counter_Core_0/inst/counter_core_inst/u_ts_engine/free_run_cnt_d2_reg[10]/C
  -------------------------------------------------------------------    -------------------
    SLICE_X34Y24         FDRE (Prop_fdre_C_Q)         0.164     2.450 r  ps_i/Counter_Core_0/inst/counter_core_inst/u_ts_engine/free_run_cnt_d2_reg[10]/Q
                         net (fo=1, routed)           0.333     2.783    ps_i/Counter_Core_0/inst/counter_core_inst/u_ts_engine/free_run_cnt_d2[10]
    RAMB36_X2Y2          RAMB36E1                                     r  ps_i/Counter_Core_0/inst/counter_core_inst/u_ts_engine/fifo_mem_reg_4/DIADI[6]
  -------------------------------------------------------------------    -------------------

                         (clock clk_fs rise edge)     0.000     0.000 r  
    Y12                                               0.000     0.000 r  clk_fs_p (IN)
                         net (fo=0)                   0.000     0.000    ps_i/Counter_Core_0/inst/clk_fs_p
    Y12                  IBUFDS (Prop_ibufds_I_O)     0.479     0.479 r  ps_i/Counter_Core_0/inst/ibufds_fs/O
                         net (fo=1, routed)           1.463     1.942    ps_i/Counter_Core_0/inst/clk_fs_ibuf
    BUFGCTRL_X0Y0        BUFG (Prop_bufg_I_O)         0.030     1.972 r  ps_i/Counter_Core_0/inst/bufg_fs/O
                         net (fo=599, routed)         0.862     2.833    ps_i/Counter_Core_0/inst/counter_core_inst/u_ts_engine/CLK
    RAMB36_X2Y2          RAMB36E1                                     r  ps_i/Counter_Core_0/inst/counter_core_inst/u_ts_engine/fifo_mem_reg_4/CLKARDCLK
                         clock pessimism             -0.468     2.366    
    RAMB36_X2Y2          RAMB36E1 (Hold_ramb36e1_CLKARDCLK_DIADI[6])
                                                      0.296     2.662    ps_i/Counter_Core_0/inst/counter_core_inst/u_ts_engine/fifo_mem_reg_4
  -------------------------------------------------------------------
                         required time                         -2.662    
                         arrival time                           2.783    
  -------------------------------------------------------------------
                         slack                                  0.122    

Slack (MET) :             0.123ns  (arrival time - required time)
  Source:                 ps_i/Counter_Core_0/inst/counter_core_inst/u_ts_engine/u_rd_ptr_cdc/gray_s1_reg[1]/C
                            (rising edge-triggered cell FDRE clocked by clk_fs  {rise@0.000ns fall@1.600ns period=3.200ns})
  Destination:            ps_i/Counter_Core_0/inst/counter_core_inst/u_ts_engine/u_rd_ptr_cdc/gray_s2_reg[1]/D
                            (rising edge-triggered cell FDRE clocked by clk_fs  {rise@0.000ns fall@1.600ns period=3.200ns})
  Path Group:             clk_fs
  Path Type:              Hold (Min at Fast Process Corner)
  Requirement:            0.000ns  (clk_fs rise@0.000ns - clk_fs rise@0.000ns)
  Data Path Delay:        0.199ns  (logic 0.141ns (70.847%)  route 0.058ns (29.152%))
  Logic Levels:           0  
  Clock Path Skew:        0.000ns (DCD - SCD - CPR)
    Destination Clock Delay (DCD):    2.783ns
    Source Clock Delay      (SCD):    2.284ns
    Clock Pessimism Removal (CPR):    0.499ns

    Location             Delay type                Incr(ns)  Path(ns)    Netlist Resource(s)
  -------------------------------------------------------------------    -------------------
                         (clock clk_fs rise edge)     0.000     0.000 r  
    Y12                                               0.000     0.000 r  clk_fs_p (IN)
                         net (fo=0)                   0.000     0.000    ps_i/Counter_Core_0/inst/clk_fs_p
    Y12                  IBUFDS (Prop_ibufds_I_O)     0.443     0.443 r  ps_i/Counter_Core_0/inst/ibufds_fs/O
                         net (fo=1, routed)           1.267     1.710    ps_i/Counter_Core_0/inst/clk_fs_ibuf
    BUFGCTRL_X0Y0        BUFG (Prop_bufg_I_O)         0.027     1.737 r  ps_i/Counter_Core_0/inst/bufg_fs/O
                         net (fo=599, routed)         0.547     2.284    ps_i/Counter_Core_0/inst/counter_core_inst/u_ts_engine/u_rd_ptr_cdc/CLK
    SLICE_X44Y24         FDRE                                         r  ps_i/Counter_Core_0/inst/counter_core_inst/u_ts_engine/u_rd_ptr_cdc/gray_s1_reg[1]/C
  -------------------------------------------------------------------    -------------------
    SLICE_X44Y24         FDRE (Prop_fdre_C_Q)         0.141     2.425 r  ps_i/Counter_Core_0/inst/counter_core_inst/u_ts_engine/u_rd_ptr_cdc/gray_s1_reg[1]/Q
                         net (fo=1, routed)           0.058     2.483    ps_i/Counter_Core_0/inst/counter_core_inst/u_ts_engine/u_rd_ptr_cdc/gray_s1[1]
    SLICE_X44Y24         FDRE                                         r  ps_i/Counter_Core_0/inst/counter_core_inst/u_ts_engine/u_rd_ptr_cdc/gray_s2_reg[1]/D
  -------------------------------------------------------------------    -------------------

                         (clock clk_fs rise edge)     0.000     0.000 r  
    Y12                                               0.000     0.000 r  clk_fs_p (IN)
                         net (fo=0)                   0.000     0.000    ps_i/Counter_Core_0/inst/clk_fs_p
    Y12                  IBUFDS (Prop_ibufds_I_O)     0.479     0.479 r  ps_i/Counter_Core_0/inst/ibufds_fs/O
                         net (fo=1, routed)           1.463     1.942    ps_i/Counter_Core_0/inst/clk_fs_ibuf
    BUFGCTRL_X0Y0        BUFG (Prop_bufg_I_O)         0.030     1.972 r  ps_i/Counter_Core_0/inst/bufg_fs/O
                         net (fo=599, routed)         0.811     2.783    ps_i/Counter_Core_0/inst/counter_core_inst/u_ts_engine/u_rd_ptr_cdc/CLK
    SLICE_X44Y24         FDRE                                         r  ps_i/Counter_Core_0/inst/counter_core_inst/u_ts_engine/u_rd_ptr_cdc/gray_s2_reg[1]/C
                         clock pessimism             -0.499     2.284    
    SLICE_X44Y24         FDRE (Hold_fdre_C_D)         0.076     2.360    ps_i/Counter_Core_0/inst/counter_core_inst/u_ts_engine/u_rd_ptr_cdc/gray_s2_reg[1]
  -------------------------------------------------------------------
                         required time                         -2.360    
                         arrival time                           2.483    
  -------------------------------------------------------------------
                         slack                                  0.123    





Pulse Width Checks
--------------------------------------------------------------------------------------
Clock Name:         clk_fs
Waveform(ns):       { 0.000 1.600 }
Period(ns):         3.200
Sources:            { clk_fs_p }

Check Type        Corner  Lib Pin             Reference Pin  Required(ns)  Actual(ns)  Slack(ns)  Location       Pin
Min Period        n/a     RAMB36E1/CLKARDCLK  n/a            2.170         3.200       1.030      RAMB36_X3Y5    ps_i/Counter_Core_0/inst/counter_core_inst/u_ts_engine/fifo_mem_reg_2/CLKARDCLK
Min Period        n/a     RAMB36E1/CLKARDCLK  n/a            2.170         3.200       1.030      RAMB36_X3Y4    ps_i/Counter_Core_0/inst/counter_core_inst/u_ts_engine/fifo_mem_reg_3/CLKARDCLK
Min Period        n/a     RAMB36E1/CLKARDCLK  n/a            2.170         3.200       1.030      RAMB36_X2Y2    ps_i/Counter_Core_0/inst/counter_core_inst/u_ts_engine/fifo_mem_reg_4/CLKARDCLK
Min Period        n/a     RAMB36E1/CLKARDCLK  n/a            2.170         3.200       1.030      RAMB36_X2Y5    ps_i/Counter_Core_0/inst/counter_core_inst/u_ts_engine/fifo_mem_reg_5/CLKARDCLK
Min Period        n/a     RAMB36E1/CLKARDCLK  n/a            2.170         3.200       1.030      RAMB36_X2Y4    ps_i/Counter_Core_0/inst/counter_core_inst/u_ts_engine/fifo_mem_reg_6/CLKARDCLK
Min Period        n/a     RAMB18E1/CLKARDCLK  n/a            2.170         3.200       1.030      RAMB18_X3Y6    ps_i/Counter_Core_0/inst/counter_core_inst/u_ts_engine/fifo_mem_reg_7/CLKARDCLK
Min Period        n/a     RAMB36E1/CLKARDCLK  n/a            2.170         3.200       1.030      RAMB36_X1Y4    ps_i/Counter_Core_0/inst/counter_core_inst/u_ts_engine/fifo_mem_reg_0/CLKARDCLK
Min Period        n/a     RAMB36E1/CLKARDCLK  n/a            2.170         3.200       1.030      RAMB36_X2Y3    ps_i/Counter_Core_0/inst/counter_core_inst/u_ts_engine/fifo_mem_reg_1/CLKARDCLK
Min Period        n/a     BUFG/I              n/a            1.592         3.200       1.608      BUFGCTRL_X0Y0  ps_i/Counter_Core_0/inst/bufg_fs/I
Min Period        n/a     FDRE/C              n/a            1.000         3.200       2.200      SLICE_X49Y20   ps_i/Counter_Core_0/inst/counter_core_inst/u_ts_engine/free_run_cnt_d1_reg[0]/C
Low Pulse Width   Fast    FDRE/C              n/a            0.500         1.600       1.100      SLICE_X49Y20   ps_i/Counter_Core_0/inst/counter_core_inst/u_ts_engine/free_run_cnt_d1_reg[0]/C
Low Pulse Width   Slow    FDRE/C              n/a            0.500         1.600       1.100      SLICE_X35Y24   ps_i/Counter_Core_0/inst/counter_core_inst/u_ts_engine/free_run_cnt_d1_reg[10]/C
Low Pulse Width   Slow    FDRE/C              n/a            0.500         1.600       1.100      SLICE_X36Y24   ps_i/Counter_Core_0/inst/counter_core_inst/u_ts_engine/free_run_cnt_d1_reg[11]/C
Low Pulse Width   Slow    FDRE/C              n/a            0.500         1.600       1.100      SLICE_X33Y25   ps_i/Counter_Core_0/inst/counter_core_inst/u_ts_engine/free_run_cnt_d1_reg[12]/C
Low Pulse Width   Slow    FDRE/C              n/a            0.500         1.600       1.100      SLICE_X35Y24   ps_i/Counter_Core_0/inst/counter_core_inst/u_ts_engine/free_run_cnt_d1_reg[13]/C
Low Pulse Width   Slow    FDRE/C              n/a            0.500         1.600       1.100      SLICE_X33Y25   ps_i/Counter_Core_0/inst/counter_core_inst/u_ts_engine/free_run_cnt_d1_reg[14]/C
Low Pulse Width   Slow    FDRE/C              n/a            0.500         1.600       1.100      SLICE_X33Y23   ps_i/Counter_Core_0/inst/counter_core_inst/u_ts_engine/free_run_cnt_d1_reg[15]/C
Low Pulse Width   Slow    FDRE/C              n/a            0.500         1.600       1.100      SLICE_X36Y24   ps_i/Counter_Core_0/inst/counter_core_inst/u_ts_engine/free_run_cnt_d1_reg[16]/C
Low Pulse Width   Slow    FDRE/C              n/a            0.500         1.600       1.100      SLICE_X35Y24   ps_i/Counter_Core_0/inst/counter_core_inst/u_ts_engine/free_run_cnt_d1_reg[17]/C
Low Pulse Width   Slow    FDRE/C              n/a            0.500         1.600       1.100      SLICE_X35Y25   ps_i/Counter_Core_0/inst/counter_core_inst/u_ts_engine/free_run_cnt_d1_reg[18]/C
High Pulse Width  Fast    FDRE/C              n/a            0.500         1.600       1.100      SLICE_X35Y24   ps_i/Counter_Core_0/inst/counter_core_inst/u_ts_engine/free_run_cnt_d1_reg[10]/C
High Pulse Width  Fast    FDRE/C              n/a            0.500         1.600       1.100      SLICE_X33Y25   ps_i/Counter_Core_0/inst/counter_core_inst/u_ts_engine/free_run_cnt_d1_reg[12]/C
High Pulse Width  Fast    FDRE/C              n/a            0.500         1.600       1.100      SLICE_X35Y24   ps_i/Counter_Core_0/inst/counter_core_inst/u_ts_engine/free_run_cnt_d1_reg[13]/C
High Pulse Width  Fast    FDRE/C              n/a            0.500         1.600       1.100      SLICE_X33Y25   ps_i/Counter_Core_0/inst/counter_core_inst/u_ts_engine/free_run_cnt_d1_reg[14]/C
High Pulse Width  Fast    FDRE/C              n/a            0.500         1.600       1.100      SLICE_X33Y23   ps_i/Counter_Core_0/inst/counter_core_inst/u_ts_engine/free_run_cnt_d1_reg[15]/C
High Pulse Width  Fast    FDRE/C              n/a            0.500         1.600       1.100      SLICE_X35Y24   ps_i/Counter_Core_0/inst/counter_core_inst/u_ts_engine/free_run_cnt_d1_reg[17]/C
High Pulse Width  Fast    FDRE/C              n/a            0.500         1.600       1.100      SLICE_X35Y25   ps_i/Counter_Core_0/inst/counter_core_inst/u_ts_engine/free_run_cnt_d1_reg[18]/C
High Pulse Width  Fast    FDRE/C              n/a            0.500         1.600       1.100      SLICE_X33Y23   ps_i/Counter_Core_0/inst/counter_core_inst/u_ts_engine/free_run_cnt_d1_reg[19]/C
High Pulse Width  Fast    FDRE/C              n/a            0.500         1.600       1.100      SLICE_X32Y25   ps_i/Counter_Core_0/inst/counter_core_inst/u_ts_engine/free_run_cnt_d1_reg[22]/C
High Pulse Width  Fast    FDRE/C              n/a            0.500         1.600       1.100      SLICE_X35Y25   ps_i/Counter_Core_0/inst/counter_core_inst/u_ts_engine/free_run_cnt_d1_reg[23]/C



---------------------------------------------------------------------------------------------------
From Clock:  clk_fx
  To Clock:  clk_fx

Setup :            7  Failing Endpoints,  Worst Slack       -1.339ns,  Total Violation       -8.841ns
Hold  :            0  Failing Endpoints,  Worst Slack        0.121ns,  Total Violation        0.000ns
PW    :            0  Failing Endpoints,  Worst Slack        0.928ns,  Total Violation        0.000ns
---------------------------------------------------------------------------------------------------


Max Delay Paths
--------------------------------------------------------------------------------------
Slack (VIOLATED) :        -1.339ns  (required time - arrival time)
  Source:                 ps_i/Counter_Core_0/inst/counter_core_inst/u_eq_counter/u_tdc_test/grp_sum_reg[6][2]/C
                            (rising edge-triggered cell FDRE clocked by clk_fx  {rise@0.000ns fall@1.429ns period=2.857ns})
  Destination:            ps_i/Counter_Core_0/inst/counter_core_inst/u_eq_counter/u_tdc_test/tdc_value_reg[0]/D
                            (rising edge-triggered cell FDRE clocked by clk_fx  {rise@0.000ns fall@1.429ns period=2.857ns})
  Path Group:             clk_fx
  Path Type:              Setup (Max at Slow Process Corner)
  Requirement:            2.857ns  (clk_fx rise@2.857ns - clk_fx rise@0.000ns)
  Data Path Delay:        4.130ns  (logic 1.490ns (36.074%)  route 2.640ns (63.926%))
  Logic Levels:           6  (CARRY4=1 LUT2=1 LUT3=1 LUT5=3)
  Clock Path Skew:        -0.060ns (DCD - SCD + CPR)
    Destination Clock Delay (DCD):    5.142ns = ( 7.999 - 2.857 ) 
    Source Clock Delay      (SCD):    5.889ns
    Clock Pessimism Removal (CPR):    0.687ns
  Clock Uncertainty:      0.035ns  ((TSJ^2 + TIJ^2)^1/2 + DJ) / 2 + PE
    Total System Jitter     (TSJ):    0.071ns
    Total Input Jitter      (TIJ):    0.000ns
    Discrete Jitter          (DJ):    0.000ns
    Phase Error              (PE):    0.000ns

    Location             Delay type                Incr(ns)  Path(ns)    Netlist Resource(s)
  -------------------------------------------------------------------    -------------------
                         (clock clk_fx rise edge)     0.000     0.000 r  
    B19                                               0.000     0.000 r  clk_fx_p (IN)
                         net (fo=0)                   0.000     0.000    ps_i/Counter_Core_0/inst/clk_fx_p
    B19                  IBUFDS (Prop_ibufds_I_O)     0.870     0.870 r  ps_i/Counter_Core_0/inst/ibufds_fx/O
                         net (fo=1, routed)           3.471     4.341    ps_i/Counter_Core_0/inst/clk_fx_ibuf
    BUFGCTRL_X0Y1        BUFG (Prop_bufg_I_O)         0.086     4.427 r  ps_i/Counter_Core_0/inst/bufg_fx/O
                         net (fo=188, routed)         1.462     5.889    ps_i/Counter_Core_0/inst/counter_core_inst/u_eq_counter/u_tdc_test/clk_fx
    SLICE_X75Y43         FDRE                                         r  ps_i/Counter_Core_0/inst/counter_core_inst/u_eq_counter/u_tdc_test/grp_sum_reg[6][2]/C
  -------------------------------------------------------------------    -------------------
    SLICE_X75Y43         FDRE (Prop_fdre_C_Q)         0.379     6.268 r  ps_i/Counter_Core_0/inst/counter_core_inst/u_eq_counter/u_tdc_test/grp_sum_reg[6][2]/Q
                         net (fo=3, routed)           0.481     6.750    ps_i/Counter_Core_0/inst/counter_core_inst/u_eq_counter/u_tdc_test/grp_sum_reg_n_0_[6][2]
    SLICE_X73Y44         LUT3 (Prop_lut3_I0_O)        0.105     6.855 r  ps_i/Counter_Core_0/inst/counter_core_inst/u_eq_counter/u_tdc_test/tdc_value0__1_carry_i_22__0/O
                         net (fo=2, routed)           0.514     7.369    ps_i/Counter_Core_0/inst/counter_core_inst/u_eq_counter/u_tdc_test/tdc_value0__1_carry_i_22__0_n_0
    SLICE_X73Y43         LUT5 (Prop_lut5_I3_O)        0.105     7.474 r  ps_i/Counter_Core_0/inst/counter_core_inst/u_eq_counter/u_tdc_test/tdc_value0__1_carry__0_i_10__0/O
                         net (fo=2, routed)           0.466     7.940    ps_i/Counter_Core_0/inst/counter_core_inst/u_eq_counter/u_tdc_test/tdc_value0__1_carry__0_i_10__0_n_0
    SLICE_X72Y44         LUT5 (Prop_lut5_I4_O)        0.105     8.045 r  ps_i/Counter_Core_0/inst/counter_core_inst/u_eq_counter/u_tdc_test/tdc_value0__1_carry__0_i_6__0/O
                         net (fo=2, routed)           0.358     8.403    ps_i/Counter_Core_0/inst/counter_core_inst/u_eq_counter/u_tdc_test/tdc_value0__1_carry__0_i_6__0_n_0
    SLICE_X70Y44         LUT5 (Prop_lut5_I1_O)        0.105     8.508 r  ps_i/Counter_Core_0/inst/counter_core_inst/u_eq_counter/u_tdc_test/tdc_value0__1_carry__0_i_1__0/O
                         net (fo=1, routed)           0.366     8.874    ps_i/Counter_Core_0/inst/counter_core_inst/u_eq_counter/u_tdc_test/tdc_value0__1_carry__0_i_1__0_n_0
    SLICE_X69Y45         CARRY4 (Prop_carry4_DI[1]_CO[2])
                                                      0.430     9.304 r  ps_i/Counter_Core_0/inst/counter_core_inst/u_eq_counter/u_tdc_test/tdc_value0__1_carry__0/CO[2]
                         net (fo=6, routed)           0.455     9.759    ps_i/Counter_Core_0/inst/counter_core_inst/u_eq_counter/u_tdc_test/tdc_value0__1_carry__0_n_1
    SLICE_X71Y45         LUT2 (Prop_lut2_I1_O)        0.261    10.020 r  ps_i/Counter_Core_0/inst/counter_core_inst/u_eq_counter/u_tdc_test/tdc_value[0]_i_1/O
                         net (fo=1, routed)           0.000    10.020    ps_i/Counter_Core_0/inst/counter_core_inst/u_eq_counter/u_tdc_test/tdc_value[0]_i_1_n_0
    SLICE_X71Y45         FDRE                                         r  ps_i/Counter_Core_0/inst/counter_core_inst/u_eq_counter/u_tdc_test/tdc_value_reg[0]/D
  -------------------------------------------------------------------    -------------------

                         (clock clk_fx rise edge)     2.857     2.857 r  
    B19                                               0.000     2.857 r  clk_fx_p (IN)
                         net (fo=0)                   0.000     2.857    ps_i/Counter_Core_0/inst/clk_fx_p
    B19                  IBUFDS (Prop_ibufds_I_O)     0.830     3.687 r  ps_i/Counter_Core_0/inst/ibufds_fx/O
                         net (fo=1, routed)           2.928     6.616    ps_i/Counter_Core_0/inst/clk_fx_ibuf
    BUFGCTRL_X0Y1        BUFG (Prop_bufg_I_O)         0.078     6.694 r  ps_i/Counter_Core_0/inst/bufg_fx/O
                         net (fo=188, routed)         1.306     7.999    ps_i/Counter_Core_0/inst/counter_core_inst/u_eq_counter/u_tdc_test/clk_fx
    SLICE_X71Y45         FDRE                                         r  ps_i/Counter_Core_0/inst/counter_core_inst/u_eq_counter/u_tdc_test/tdc_value_reg[0]/C
                         clock pessimism              0.687     8.686    
                         clock uncertainty           -0.035     8.651    
    SLICE_X71Y45         FDRE (Setup_fdre_C_D)        0.030     8.681    ps_i/Counter_Core_0/inst/counter_core_inst/u_eq_counter/u_tdc_test/tdc_value_reg[0]
  -------------------------------------------------------------------
                         required time                          8.681    
                         arrival time                         -10.020    
  -------------------------------------------------------------------
                         slack                                 -1.339    

Slack (VIOLATED) :        -1.335ns  (required time - arrival time)
  Source:                 ps_i/Counter_Core_0/inst/counter_core_inst/u_eq_counter/u_tdc_test/grp_sum_reg[6][2]/C
                            (rising edge-triggered cell FDRE clocked by clk_fx  {rise@0.000ns fall@1.429ns period=2.857ns})
  Destination:            ps_i/Counter_Core_0/inst/counter_core_inst/u_eq_counter/u_tdc_test/tdc_value_reg[1]/D
                            (rising edge-triggered cell FDRE clocked by clk_fx  {rise@0.000ns fall@1.429ns period=2.857ns})
  Path Group:             clk_fx
  Path Type:              Setup (Max at Slow Process Corner)
  Requirement:            2.857ns  (clk_fx rise@2.857ns - clk_fx rise@0.000ns)
  Data Path Delay:        4.128ns  (logic 1.490ns (36.093%)  route 2.638ns (63.907%))
  Logic Levels:           6  (CARRY4=1 LUT2=1 LUT3=1 LUT5=3)
  Clock Path Skew:        -0.060ns (DCD - SCD + CPR)
    Destination Clock Delay (DCD):    5.142ns = ( 7.999 - 2.857 ) 
    Source Clock Delay      (SCD):    5.889ns
    Clock Pessimism Removal (CPR):    0.687ns
  Clock Uncertainty:      0.035ns  ((TSJ^2 + TIJ^2)^1/2 + DJ) / 2 + PE
    Total System Jitter     (TSJ):    0.071ns
    Total Input Jitter      (TIJ):    0.000ns
    Discrete Jitter          (DJ):    0.000ns
    Phase Error              (PE):    0.000ns

    Location             Delay type                Incr(ns)  Path(ns)    Netlist Resource(s)
  -------------------------------------------------------------------    -------------------
                         (clock clk_fx rise edge)     0.000     0.000 r  
    B19                                               0.000     0.000 r  clk_fx_p (IN)
                         net (fo=0)                   0.000     0.000    ps_i/Counter_Core_0/inst/clk_fx_p
    B19                  IBUFDS (Prop_ibufds_I_O)     0.870     0.870 r  ps_i/Counter_Core_0/inst/ibufds_fx/O
                         net (fo=1, routed)           3.471     4.341    ps_i/Counter_Core_0/inst/clk_fx_ibuf
    BUFGCTRL_X0Y1        BUFG (Prop_bufg_I_O)         0.086     4.427 r  ps_i/Counter_Core_0/inst/bufg_fx/O
                         net (fo=188, routed)         1.462     5.889    ps_i/Counter_Core_0/inst/counter_core_inst/u_eq_counter/u_tdc_test/clk_fx
    SLICE_X75Y43         FDRE                                         r  ps_i/Counter_Core_0/inst/counter_core_inst/u_eq_counter/u_tdc_test/grp_sum_reg[6][2]/C
  -------------------------------------------------------------------    -------------------
    SLICE_X75Y43         FDRE (Prop_fdre_C_Q)         0.379     6.268 r  ps_i/Counter_Core_0/inst/counter_core_inst/u_eq_counter/u_tdc_test/grp_sum_reg[6][2]/Q
                         net (fo=3, routed)           0.481     6.750    ps_i/Counter_Core_0/inst/counter_core_inst/u_eq_counter/u_tdc_test/grp_sum_reg_n_0_[6][2]
    SLICE_X73Y44         LUT3 (Prop_lut3_I0_O)        0.105     6.855 r  ps_i/Counter_Core_0/inst/counter_core_inst/u_eq_counter/u_tdc_test/tdc_value0__1_carry_i_22__0/O
                         net (fo=2, routed)           0.514     7.369    ps_i/Counter_Core_0/inst/counter_core_inst/u_eq_counter/u_tdc_test/tdc_value0__1_carry_i_22__0_n_0
    SLICE_X73Y43         LUT5 (Prop_lut5_I3_O)        0.105     7.474 r  ps_i/Counter_Core_0/inst/counter_core_inst/u_eq_counter/u_tdc_test/tdc_value0__1_carry__0_i_10__0/O
                         net (fo=2, routed)           0.466     7.940    ps_i/Counter_Core_0/inst/counter_core_inst/u_eq_counter/u_tdc_test/tdc_value0__1_carry__0_i_10__0_n_0
    SLICE_X72Y44         LUT5 (Prop_lut5_I4_O)        0.105     8.045 r  ps_i/Counter_Core_0/inst/counter_core_inst/u_eq_counter/u_tdc_test/tdc_value0__1_carry__0_i_6__0/O
                         net (fo=2, routed)           0.358     8.403    ps_i/Counter_Core_0/inst/counter_core_inst/u_eq_counter/u_tdc_test/tdc_value0__1_carry__0_i_6__0_n_0
    SLICE_X70Y44         LUT5 (Prop_lut5_I1_O)        0.105     8.508 r  ps_i/Counter_Core_0/inst/counter_core_inst/u_eq_counter/u_tdc_test/tdc_value0__1_carry__0_i_1__0/O
                         net (fo=1, routed)           0.366     8.874    ps_i/Counter_Core_0/inst/counter_core_inst/u_eq_counter/u_tdc_test/tdc_value0__1_carry__0_i_1__0_n_0
    SLICE_X69Y45         CARRY4 (Prop_carry4_DI[1]_CO[2])
                                                      0.430     9.304 r  ps_i/Counter_Core_0/inst/counter_core_inst/u_eq_counter/u_tdc_test/tdc_value0__1_carry__0/CO[2]
                         net (fo=6, routed)           0.452     9.757    ps_i/Counter_Core_0/inst/counter_core_inst/u_eq_counter/u_tdc_test/tdc_value0__1_carry__0_n_1
    SLICE_X71Y43         LUT2 (Prop_lut2_I1_O)        0.261    10.018 r  ps_i/Counter_Core_0/inst/counter_core_inst/u_eq_counter/u_tdc_test/tdc_value[1]_i_1/O
                         net (fo=1, routed)           0.000    10.018    ps_i/Counter_Core_0/inst/counter_core_inst/u_eq_counter/u_tdc_test/tdc_value[1]_i_1_n_0
    SLICE_X71Y43         FDRE                                         r  ps_i/Counter_Core_0/inst/counter_core_inst/u_eq_counter/u_tdc_test/tdc_value_reg[1]/D
  -------------------------------------------------------------------    -------------------

                         (clock clk_fx rise edge)     2.857     2.857 r  
    B19                                               0.000     2.857 r  clk_fx_p (IN)
                         net (fo=0)                   0.000     2.857    ps_i/Counter_Core_0/inst/clk_fx_p
    B19                  IBUFDS (Prop_ibufds_I_O)     0.830     3.687 r  ps_i/Counter_Core_0/inst/ibufds_fx/O
                         net (fo=1, routed)           2.928     6.616    ps_i/Counter_Core_0/inst/clk_fx_ibuf
    BUFGCTRL_X0Y1        BUFG (Prop_bufg_I_O)         0.078     6.694 r  ps_i/Counter_Core_0/inst/bufg_fx/O
                         net (fo=188, routed)         1.306     7.999    ps_i/Counter_Core_0/inst/counter_core_inst/u_eq_counter/u_tdc_test/clk_fx
    SLICE_X71Y43         FDRE                                         r  ps_i/Counter_Core_0/inst/counter_core_inst/u_eq_counter/u_tdc_test/tdc_value_reg[1]/C
                         clock pessimism              0.687     8.686    
                         clock uncertainty           -0.035     8.651    
    SLICE_X71Y43         FDRE (Setup_fdre_C_D)        0.032     8.683    ps_i/Counter_Core_0/inst/counter_core_inst/u_eq_counter/u_tdc_test/tdc_value_reg[1]
  -------------------------------------------------------------------
                         required time                          8.683    
                         arrival time                         -10.018    
  -------------------------------------------------------------------
                         slack                                 -1.335    

Slack (VIOLATED) :        -1.303ns  (required time - arrival time)
  Source:                 ps_i/Counter_Core_0/inst/counter_core_inst/u_eq_counter/u_tdc_test/grp_sum_reg[6][2]/C
                            (rising edge-triggered cell FDRE clocked by clk_fx  {rise@0.000ns fall@1.429ns period=2.857ns})
  Destination:            ps_i/Counter_Core_0/inst/counter_core_inst/u_eq_counter/u_tdc_test/tdc_value_reg[3]/D
                            (rising edge-triggered cell FDRE clocked by clk_fx  {rise@0.000ns fall@1.429ns period=2.857ns})
  Path Group:             clk_fx
  Path Type:              Setup (Max at Slow Process Corner)
  Requirement:            2.857ns  (clk_fx rise@2.857ns - clk_fx rise@0.000ns)
  Data Path Delay:        4.133ns  (logic 1.493ns (36.120%)  route 2.640ns (63.880%))
  Logic Levels:           6  (CARRY4=1 LUT2=1 LUT3=1 LUT5=3)
  Clock Path Skew:        -0.060ns (DCD - SCD + CPR)
    Destination Clock Delay (DCD):    5.142ns = ( 7.999 - 2.857 ) 
    Source Clock Delay      (SCD):    5.889ns
    Clock Pessimism Removal (CPR):    0.687ns
  Clock Uncertainty:      0.035ns  ((TSJ^2 + TIJ^2)^1/2 + DJ) / 2 + PE
    Total System Jitter     (TSJ):    0.071ns
    Total Input Jitter      (TIJ):    0.000ns
    Discrete Jitter          (DJ):    0.000ns
    Phase Error              (PE):    0.000ns

    Location             Delay type                Incr(ns)  Path(ns)    Netlist Resource(s)
  -------------------------------------------------------------------    -------------------
                         (clock clk_fx rise edge)     0.000     0.000 r  
    B19                                               0.000     0.000 r  clk_fx_p (IN)
                         net (fo=0)                   0.000     0.000    ps_i/Counter_Core_0/inst/clk_fx_p
    B19                  IBUFDS (Prop_ibufds_I_O)     0.870     0.870 r  ps_i/Counter_Core_0/inst/ibufds_fx/O
                         net (fo=1, routed)           3.471     4.341    ps_i/Counter_Core_0/inst/clk_fx_ibuf
    BUFGCTRL_X0Y1        BUFG (Prop_bufg_I_O)         0.086     4.427 r  ps_i/Counter_Core_0/inst/bufg_fx/O
                         net (fo=188, routed)         1.462     5.889    ps_i/Counter_Core_0/inst/counter_core_inst/u_eq_counter/u_tdc_test/clk_fx
    SLICE_X75Y43         FDRE                                         r  ps_i/Counter_Core_0/inst/counter_core_inst/u_eq_counter/u_tdc_test/grp_sum_reg[6][2]/C
  -------------------------------------------------------------------    -------------------
    SLICE_X75Y43         FDRE (Prop_fdre_C_Q)         0.379     6.268 r  ps_i/Counter_Core_0/inst/counter_core_inst/u_eq_counter/u_tdc_test/grp_sum_reg[6][2]/Q
                         net (fo=3, routed)           0.481     6.750    ps_i/Counter_Core_0/inst/counter_core_inst/u_eq_counter/u_tdc_test/grp_sum_reg_n_0_[6][2]
    SLICE_X73Y44         LUT3 (Prop_lut3_I0_O)        0.105     6.855 r  ps_i/Counter_Core_0/inst/counter_core_inst/u_eq_counter/u_tdc_test/tdc_value0__1_carry_i_22__0/O
                         net (fo=2, routed)           0.514     7.369    ps_i/Counter_Core_0/inst/counter_core_inst/u_eq_counter/u_tdc_test/tdc_value0__1_carry_i_22__0_n_0
    SLICE_X73Y43         LUT5 (Prop_lut5_I3_O)        0.105     7.474 r  ps_i/Counter_Core_0/inst/counter_core_inst/u_eq_counter/u_tdc_test/tdc_value0__1_carry__0_i_10__0/O
                         net (fo=2, routed)           0.466     7.940    ps_i/Counter_Core_0/inst/counter_core_inst/u_eq_counter/u_tdc_test/tdc_value0__1_carry__0_i_10__0_n_0
    SLICE_X72Y44         LUT5 (Prop_lut5_I4_O)        0.105     8.045 r  ps_i/Counter_Core_0/inst/counter_core_inst/u_eq_counter/u_tdc_test/tdc_value0__1_carry__0_i_6__0/O
                         net (fo=2, routed)           0.358     8.403    ps_i/Counter_Core_0/inst/counter_core_inst/u_eq_counter/u_tdc_test/tdc_value0__1_carry__0_i_6__0_n_0
    SLICE_X70Y44         LUT5 (Prop_lut5_I1_O)        0.105     8.508 r  ps_i/Counter_Core_0/inst/counter_core_inst/u_eq_counter/u_tdc_test/tdc_value0__1_carry__0_i_1__0/O
                         net (fo=1, routed)           0.366     8.874    ps_i/Counter_Core_0/inst/counter_core_inst/u_eq_counter/u_tdc_test/tdc_value0__1_carry__0_i_1__0_n_0
    SLICE_X69Y45         CARRY4 (Prop_carry4_DI[1]_CO[2])
                                                      0.430     9.304 r  ps_i/Counter_Core_0/inst/counter_core_inst/u_eq_counter/u_tdc_test/tdc_value0__1_carry__0/CO[2]
                         net (fo=6, routed)           0.455     9.759    ps_i/Counter_Core_0/inst/counter_core_inst/u_eq_counter/u_tdc_test/tdc_value0__1_carry__0_n_1
    SLICE_X71Y45         LUT2 (Prop_lut2_I1_O)        0.264    10.023 r  ps_i/Counter_Core_0/inst/counter_core_inst/u_eq_counter/u_tdc_test/tdc_value[3]_i_1/O
                         net (fo=1, routed)           0.000    10.023    ps_i/Counter_Core_0/inst/counter_core_inst/u_eq_counter/u_tdc_test/tdc_value[3]_i_1_n_0
    SLICE_X71Y45         FDRE                                         r  ps_i/Counter_Core_0/inst/counter_core_inst/u_eq_counter/u_tdc_test/tdc_value_reg[3]/D
  -------------------------------------------------------------------    -------------------

                         (clock clk_fx rise edge)     2.857     2.857 r  
    B19                                               0.000     2.857 r  clk_fx_p (IN)
                         net (fo=0)                   0.000     2.857    ps_i/Counter_Core_0/inst/clk_fx_p
    B19                  IBUFDS (Prop_ibufds_I_O)     0.830     3.687 r  ps_i/Counter_Core_0/inst/ibufds_fx/O
                         net (fo=1, routed)           2.928     6.616    ps_i/Counter_Core_0/inst/clk_fx_ibuf
    BUFGCTRL_X0Y1        BUFG (Prop_bufg_I_O)         0.078     6.694 r  ps_i/Counter_Core_0/inst/bufg_fx/O
                         net (fo=188, routed)         1.306     7.999    ps_i/Counter_Core_0/inst/counter_core_inst/u_eq_counter/u_tdc_test/clk_fx
    SLICE_X71Y45         FDRE                                         r  ps_i/Counter_Core_0/inst/counter_core_inst/u_eq_counter/u_tdc_test/tdc_value_reg[3]/C
                         clock pessimism              0.687     8.686    
                         clock uncertainty           -0.035     8.651    
    SLICE_X71Y45         FDRE (Setup_fdre_C_D)        0.069     8.720    ps_i/Counter_Core_0/inst/counter_core_inst/u_eq_counter/u_tdc_test/tdc_value_reg[3]
  -------------------------------------------------------------------
                         required time                          8.720    
                         arrival time                         -10.023    
  -------------------------------------------------------------------
                         slack                                 -1.303    

Slack (VIOLATED) :        -1.301ns  (required time - arrival time)
  Source:                 ps_i/Counter_Core_0/inst/counter_core_inst/u_eq_counter/u_tdc_test/grp_sum_reg[6][2]/C
                            (rising edge-triggered cell FDRE clocked by clk_fx  {rise@0.000ns fall@1.429ns period=2.857ns})
  Destination:            ps_i/Counter_Core_0/inst/counter_core_inst/u_eq_counter/u_tdc_test/tdc_value_reg[2]/D
                            (rising edge-triggered cell FDRE clocked by clk_fx  {rise@0.000ns fall@1.429ns period=2.857ns})
  Path Group:             clk_fx
  Path Type:              Setup (Max at Slow Process Corner)
  Requirement:            2.857ns  (clk_fx rise@2.857ns - clk_fx rise@0.000ns)
  Data Path Delay:        4.131ns  (logic 1.493ns (36.140%)  route 2.638ns (63.860%))
  Logic Levels:           6  (CARRY4=1 LUT2=1 LUT3=1 LUT5=3)
  Clock Path Skew:        -0.060ns (DCD - SCD + CPR)
    Destination Clock Delay (DCD):    5.142ns = ( 7.999 - 2.857 ) 
    Source Clock Delay      (SCD):    5.889ns
    Clock Pessimism Removal (CPR):    0.687ns
  Clock Uncertainty:      0.035ns  ((TSJ^2 + TIJ^2)^1/2 + DJ) / 2 + PE
    Total System Jitter     (TSJ):    0.071ns
    Total Input Jitter      (TIJ):    0.000ns
    Discrete Jitter          (DJ):    0.000ns
    Phase Error              (PE):    0.000ns

    Location             Delay type                Incr(ns)  Path(ns)    Netlist Resource(s)
  -------------------------------------------------------------------    -------------------
                         (clock clk_fx rise edge)     0.000     0.000 r  
    B19                                               0.000     0.000 r  clk_fx_p (IN)
                         net (fo=0)                   0.000     0.000    ps_i/Counter_Core_0/inst/clk_fx_p
    B19                  IBUFDS (Prop_ibufds_I_O)     0.870     0.870 r  ps_i/Counter_Core_0/inst/ibufds_fx/O
                         net (fo=1, routed)           3.471     4.341    ps_i/Counter_Core_0/inst/clk_fx_ibuf
    BUFGCTRL_X0Y1        BUFG (Prop_bufg_I_O)         0.086     4.427 r  ps_i/Counter_Core_0/inst/bufg_fx/O
                         net (fo=188, routed)         1.462     5.889    ps_i/Counter_Core_0/inst/counter_core_inst/u_eq_counter/u_tdc_test/clk_fx
    SLICE_X75Y43         FDRE                                         r  ps_i/Counter_Core_0/inst/counter_core_inst/u_eq_counter/u_tdc_test/grp_sum_reg[6][2]/C
  -------------------------------------------------------------------    -------------------
    SLICE_X75Y43         FDRE (Prop_fdre_C_Q)         0.379     6.268 r  ps_i/Counter_Core_0/inst/counter_core_inst/u_eq_counter/u_tdc_test/grp_sum_reg[6][2]/Q
                         net (fo=3, routed)           0.481     6.750    ps_i/Counter_Core_0/inst/counter_core_inst/u_eq_counter/u_tdc_test/grp_sum_reg_n_0_[6][2]
    SLICE_X73Y44         LUT3 (Prop_lut3_I0_O)        0.105     6.855 r  ps_i/Counter_Core_0/inst/counter_core_inst/u_eq_counter/u_tdc_test/tdc_value0__1_carry_i_22__0/O
                         net (fo=2, routed)           0.514     7.369    ps_i/Counter_Core_0/inst/counter_core_inst/u_eq_counter/u_tdc_test/tdc_value0__1_carry_i_22__0_n_0
    SLICE_X73Y43         LUT5 (Prop_lut5_I3_O)        0.105     7.474 r  ps_i/Counter_Core_0/inst/counter_core_inst/u_eq_counter/u_tdc_test/tdc_value0__1_carry__0_i_10__0/O
                         net (fo=2, routed)           0.466     7.940    ps_i/Counter_Core_0/inst/counter_core_inst/u_eq_counter/u_tdc_test/tdc_value0__1_carry__0_i_10__0_n_0
    SLICE_X72Y44         LUT5 (Prop_lut5_I4_O)        0.105     8.045 r  ps_i/Counter_Core_0/inst/counter_core_inst/u_eq_counter/u_tdc_test/tdc_value0__1_carry__0_i_6__0/O
                         net (fo=2, routed)           0.358     8.403    ps_i/Counter_Core_0/inst/counter_core_inst/u_eq_counter/u_tdc_test/tdc_value0__1_carry__0_i_6__0_n_0
    SLICE_X70Y44         LUT5 (Prop_lut5_I1_O)        0.105     8.508 r  ps_i/Counter_Core_0/inst/counter_core_inst/u_eq_counter/u_tdc_test/tdc_value0__1_carry__0_i_1__0/O
                         net (fo=1, routed)           0.366     8.874    ps_i/Counter_Core_0/inst/counter_core_inst/u_eq_counter/u_tdc_test/tdc_value0__1_carry__0_i_1__0_n_0
    SLICE_X69Y45         CARRY4 (Prop_carry4_DI[1]_CO[2])
                                                      0.430     9.304 r  ps_i/Counter_Core_0/inst/counter_core_inst/u_eq_counter/u_tdc_test/tdc_value0__1_carry__0/CO[2]
                         net (fo=6, routed)           0.452     9.757    ps_i/Counter_Core_0/inst/counter_core_inst/u_eq_counter/u_tdc_test/tdc_value0__1_carry__0_n_1
    SLICE_X71Y43         LUT2 (Prop_lut2_I1_O)        0.264    10.021 r  ps_i/Counter_Core_0/inst/counter_core_inst/u_eq_counter/u_tdc_test/tdc_value[2]_i_1/O
                         net (fo=1, routed)           0.000    10.021    ps_i/Counter_Core_0/inst/counter_core_inst/u_eq_counter/u_tdc_test/tdc_value[2]_i_1_n_0
    SLICE_X71Y43         FDRE                                         r  ps_i/Counter_Core_0/inst/counter_core_inst/u_eq_counter/u_tdc_test/tdc_value_reg[2]/D
  -------------------------------------------------------------------    -------------------

                         (clock clk_fx rise edge)     2.857     2.857 r  
    B19                                               0.000     2.857 r  clk_fx_p (IN)
                         net (fo=0)                   0.000     2.857    ps_i/Counter_Core_0/inst/clk_fx_p
    B19                  IBUFDS (Prop_ibufds_I_O)     0.830     3.687 r  ps_i/Counter_Core_0/inst/ibufds_fx/O
                         net (fo=1, routed)           2.928     6.616    ps_i/Counter_Core_0/inst/clk_fx_ibuf
    BUFGCTRL_X0Y1        BUFG (Prop_bufg_I_O)         0.078     6.694 r  ps_i/Counter_Core_0/inst/bufg_fx/O
                         net (fo=188, routed)         1.306     7.999    ps_i/Counter_Core_0/inst/counter_core_inst/u_eq_counter/u_tdc_test/clk_fx
    SLICE_X71Y43         FDRE                                         r  ps_i/Counter_Core_0/inst/counter_core_inst/u_eq_counter/u_tdc_test/tdc_value_reg[2]/C
                         clock pessimism              0.687     8.686    
                         clock uncertainty           -0.035     8.651    
    SLICE_X71Y43         FDRE (Setup_fdre_C_D)        0.069     8.720    ps_i/Counter_Core_0/inst/counter_core_inst/u_eq_counter/u_tdc_test/tdc_value_reg[2]
  -------------------------------------------------------------------
                         required time                          8.720    
                         arrival time                         -10.021    
  -------------------------------------------------------------------
                         slack                                 -1.301    

Slack (VIOLATED) :        -1.246ns  (required time - arrival time)
  Source:                 ps_i/Counter_Core_0/inst/counter_core_inst/u_eq_counter/u_tdc_test/grp_sum_reg[6][2]/C
                            (rising edge-triggered cell FDRE clocked by clk_fx  {rise@0.000ns fall@1.429ns period=2.857ns})
  Destination:            ps_i/Counter_Core_0/inst/counter_core_inst/u_eq_counter/u_tdc_test/tdc_value_reg[4]/D
                            (rising edge-triggered cell FDRE clocked by clk_fx  {rise@0.000ns fall@1.429ns period=2.857ns})
  Path Group:             clk_fx
  Path Type:              Setup (Max at Slow Process Corner)
  Requirement:            2.857ns  (clk_fx rise@2.857ns - clk_fx rise@0.000ns)
  Data Path Delay:        4.039ns  (logic 1.490ns (36.888%)  route 2.549ns (63.112%))
  Logic Levels:           6  (CARRY4=1 LUT2=1 LUT3=1 LUT5=3)
  Clock Path Skew:        -0.060ns (DCD - SCD + CPR)
    Destination Clock Delay (DCD):    5.142ns = ( 7.999 - 2.857 ) 
    Source Clock Delay      (SCD):    5.889ns
    Clock Pessimism Removal (CPR):    0.687ns
  Clock Uncertainty:      0.035ns  ((TSJ^2 + TIJ^2)^1/2 + DJ) / 2 + PE
    Total System Jitter     (TSJ):    0.071ns
    Total Input Jitter      (TIJ):    0.000ns
    Discrete Jitter          (DJ):    0.000ns
    Phase Error              (PE):    0.000ns

    Location             Delay type                Incr(ns)  Path(ns)    Netlist Resource(s)
  -------------------------------------------------------------------    -------------------
                         (clock clk_fx rise edge)     0.000     0.000 r  
    B19                                               0.000     0.000 r  clk_fx_p (IN)
                         net (fo=0)                   0.000     0.000    ps_i/Counter_Core_0/inst/clk_fx_p
    B19                  IBUFDS (Prop_ibufds_I_O)     0.870     0.870 r  ps_i/Counter_Core_0/inst/ibufds_fx/O
                         net (fo=1, routed)           3.471     4.341    ps_i/Counter_Core_0/inst/clk_fx_ibuf
    BUFGCTRL_X0Y1        BUFG (Prop_bufg_I_O)         0.086     4.427 r  ps_i/Counter_Core_0/inst/bufg_fx/O
                         net (fo=188, routed)         1.462     5.889    ps_i/Counter_Core_0/inst/counter_core_inst/u_eq_counter/u_tdc_test/clk_fx
    SLICE_X75Y43         FDRE                                         r  ps_i/Counter_Core_0/inst/counter_core_inst/u_eq_counter/u_tdc_test/grp_sum_reg[6][2]/C
  -------------------------------------------------------------------    -------------------
    SLICE_X75Y43         FDRE (Prop_fdre_C_Q)         0.379     6.268 r  ps_i/Counter_Core_0/inst/counter_core_inst/u_eq_counter/u_tdc_test/grp_sum_reg[6][2]/Q
                         net (fo=3, routed)           0.481     6.750    ps_i/Counter_Core_0/inst/counter_core_inst/u_eq_counter/u_tdc_test/grp_sum_reg_n_0_[6][2]
    SLICE_X73Y44         LUT3 (Prop_lut3_I0_O)        0.105     6.855 r  ps_i/Counter_Core_0/inst/counter_core_inst/u_eq_counter/u_tdc_test/tdc_value0__1_carry_i_22__0/O
                         net (fo=2, routed)           0.514     7.369    ps_i/Counter_Core_0/inst/counter_core_inst/u_eq_counter/u_tdc_test/tdc_value0__1_carry_i_22__0_n_0
    SLICE_X73Y43         LUT5 (Prop_lut5_I3_O)        0.105     7.474 r  ps_i/Counter_Core_0/inst/counter_core_inst/u_eq_counter/u_tdc_test/tdc_value0__1_carry__0_i_10__0/O
                         net (fo=2, routed)           0.466     7.940    ps_i/Counter_Core_0/inst/counter_core_inst/u_eq_counter/u_tdc_test/tdc_value0__1_carry__0_i_10__0_n_0
    SLICE_X72Y44         LUT5 (Prop_lut5_I4_O)        0.105     8.045 r  ps_i/Counter_Core_0/inst/counter_core_inst/u_eq_counter/u_tdc_test/tdc_value0__1_carry__0_i_6__0/O
                         net (fo=2, routed)           0.358     8.403    ps_i/Counter_Core_0/inst/counter_core_inst/u_eq_counter/u_tdc_test/tdc_value0__1_carry__0_i_6__0_n_0
    SLICE_X70Y44         LUT5 (Prop_lut5_I1_O)        0.105     8.508 r  ps_i/Counter_Core_0/inst/counter_core_inst/u_eq_counter/u_tdc_test/tdc_value0__1_carry__0_i_1__0/O
                         net (fo=1, routed)           0.366     8.874    ps_i/Counter_Core_0/inst/counter_core_inst/u_eq_counter/u_tdc_test/tdc_value0__1_carry__0_i_1__0_n_0
    SLICE_X69Y45         CARRY4 (Prop_carry4_DI[1]_CO[2])
                                                      0.430     9.304 r  ps_i/Counter_Core_0/inst/counter_core_inst/u_eq_counter/u_tdc_test/tdc_value0__1_carry__0/CO[2]
                         net (fo=6, routed)           0.363     9.668    ps_i/Counter_Core_0/inst/counter_core_inst/u_eq_counter/u_tdc_test/tdc_value0__1_carry__0_n_1
    SLICE_X70Y45         LUT2 (Prop_lut2_I1_O)        0.261     9.929 r  ps_i/Counter_Core_0/inst/counter_core_inst/u_eq_counter/u_tdc_test/tdc_value[4]_i_1/O
                         net (fo=1, routed)           0.000     9.929    ps_i/Counter_Core_0/inst/counter_core_inst/u_eq_counter/u_tdc_test/tdc_value[4]_i_1_n_0
    SLICE_X70Y45         FDRE                                         r  ps_i/Counter_Core_0/inst/counter_core_inst/u_eq_counter/u_tdc_test/tdc_value_reg[4]/D
  -------------------------------------------------------------------    -------------------

                         (clock clk_fx rise edge)     2.857     2.857 r  
    B19                                               0.000     2.857 r  clk_fx_p (IN)
                         net (fo=0)                   0.000     2.857    ps_i/Counter_Core_0/inst/clk_fx_p
    B19                  IBUFDS (Prop_ibufds_I_O)     0.830     3.687 r  ps_i/Counter_Core_0/inst/ibufds_fx/O
                         net (fo=1, routed)           2.928     6.616    ps_i/Counter_Core_0/inst/clk_fx_ibuf
    BUFGCTRL_X0Y1        BUFG (Prop_bufg_I_O)         0.078     6.694 r  ps_i/Counter_Core_0/inst/bufg_fx/O
                         net (fo=188, routed)         1.306     7.999    ps_i/Counter_Core_0/inst/counter_core_inst/u_eq_counter/u_tdc_test/clk_fx
    SLICE_X70Y45         FDRE                                         r  ps_i/Counter_Core_0/inst/counter_core_inst/u_eq_counter/u_tdc_test/tdc_value_reg[4]/C
                         clock pessimism              0.687     8.686    
                         clock uncertainty           -0.035     8.651    
    SLICE_X70Y45         FDRE (Setup_fdre_C_D)        0.032     8.683    ps_i/Counter_Core_0/inst/counter_core_inst/u_eq_counter/u_tdc_test/tdc_value_reg[4]
  -------------------------------------------------------------------
                         required time                          8.683    
                         arrival time                          -9.929    
  -------------------------------------------------------------------
                         slack                                 -1.246    

Slack (VIOLATED) :        -1.214ns  (required time - arrival time)
  Source:                 ps_i/Counter_Core_0/inst/counter_core_inst/u_eq_counter/u_tdc_test/grp_sum_reg[6][2]/C
                            (rising edge-triggered cell FDRE clocked by clk_fx  {rise@0.000ns fall@1.429ns period=2.857ns})
  Destination:            ps_i/Counter_Core_0/inst/counter_core_inst/u_eq_counter/u_tdc_test/tdc_value_reg[5]/D
                            (rising edge-triggered cell FDRE clocked by clk_fx  {rise@0.000ns fall@1.429ns period=2.857ns})
  Path Group:             clk_fx
  Path Type:              Setup (Max at Slow Process Corner)
  Requirement:            2.857ns  (clk_fx rise@2.857ns - clk_fx rise@0.000ns)
  Data Path Delay:        4.044ns  (logic 1.495ns (36.966%)  route 2.549ns (63.034%))
  Logic Levels:           6  (CARRY4=1 LUT2=1 LUT3=1 LUT5=3)
  Clock Path Skew:        -0.060ns (DCD - SCD + CPR)
    Destination Clock Delay (DCD):    5.142ns = ( 7.999 - 2.857 ) 
    Source Clock Delay      (SCD):    5.889ns
    Clock Pessimism Removal (CPR):    0.687ns
  Clock Uncertainty:      0.035ns  ((TSJ^2 + TIJ^2)^1/2 + DJ) / 2 + PE
    Total System Jitter     (TSJ):    0.071ns
    Total Input Jitter      (TIJ):    0.000ns
    Discrete Jitter          (DJ):    0.000ns
    Phase Error              (PE):    0.000ns

    Location             Delay type                Incr(ns)  Path(ns)    Netlist Resource(s)
  -------------------------------------------------------------------    -------------------
                         (clock clk_fx rise edge)     0.000     0.000 r  
    B19                                               0.000     0.000 r  clk_fx_p (IN)
                         net (fo=0)                   0.000     0.000    ps_i/Counter_Core_0/inst/clk_fx_p
    B19                  IBUFDS (Prop_ibufds_I_O)     0.870     0.870 r  ps_i/Counter_Core_0/inst/ibufds_fx/O
                         net (fo=1, routed)           3.471     4.341    ps_i/Counter_Core_0/inst/clk_fx_ibuf
    BUFGCTRL_X0Y1        BUFG (Prop_bufg_I_O)         0.086     4.427 r  ps_i/Counter_Core_0/inst/bufg_fx/O
                         net (fo=188, routed)         1.462     5.889    ps_i/Counter_Core_0/inst/counter_core_inst/u_eq_counter/u_tdc_test/clk_fx
    SLICE_X75Y43         FDRE                                         r  ps_i/Counter_Core_0/inst/counter_core_inst/u_eq_counter/u_tdc_test/grp_sum_reg[6][2]/C
  -------------------------------------------------------------------    -------------------
    SLICE_X75Y43         FDRE (Prop_fdre_C_Q)         0.379     6.268 r  ps_i/Counter_Core_0/inst/counter_core_inst/u_eq_counter/u_tdc_test/grp_sum_reg[6][2]/Q
                         net (fo=3, routed)           0.481     6.750    ps_i/Counter_Core_0/inst/counter_core_inst/u_eq_counter/u_tdc_test/grp_sum_reg_n_0_[6][2]
    SLICE_X73Y44         LUT3 (Prop_lut3_I0_O)        0.105     6.855 r  ps_i/Counter_Core_0/inst/counter_core_inst/u_eq_counter/u_tdc_test/tdc_value0__1_carry_i_22__0/O
                         net (fo=2, routed)           0.514     7.369    ps_i/Counter_Core_0/inst/counter_core_inst/u_eq_counter/u_tdc_test/tdc_value0__1_carry_i_22__0_n_0
    SLICE_X73Y43         LUT5 (Prop_lut5_I3_O)        0.105     7.474 r  ps_i/Counter_Core_0/inst/counter_core_inst/u_eq_counter/u_tdc_test/tdc_value0__1_carry__0_i_10__0/O
                         net (fo=2, routed)           0.466     7.940    ps_i/Counter_Core_0/inst/counter_core_inst/u_eq_counter/u_tdc_test/tdc_value0__1_carry__0_i_10__0_n_0
    SLICE_X72Y44         LUT5 (Prop_lut5_I4_O)        0.105     8.045 r  ps_i/Counter_Core_0/inst/counter_core_inst/u_eq_counter/u_tdc_test/tdc_value0__1_carry__0_i_6__0/O
                         net (fo=2, routed)           0.358     8.403    ps_i/Counter_Core_0/inst/counter_core_inst/u_eq_counter/u_tdc_test/tdc_value0__1_carry__0_i_6__0_n_0
    SLICE_X70Y44         LUT5 (Prop_lut5_I1_O)        0.105     8.508 r  ps_i/Counter_Core_0/inst/counter_core_inst/u_eq_counter/u_tdc_test/tdc_value0__1_carry__0_i_1__0/O
                         net (fo=1, routed)           0.366     8.874    ps_i/Counter_Core_0/inst/counter_core_inst/u_eq_counter/u_tdc_test/tdc_value0__1_carry__0_i_1__0_n_0
    SLICE_X69Y45         CARRY4 (Prop_carry4_DI[1]_CO[2])
                                                      0.430     9.304 r  ps_i/Counter_Core_0/inst/counter_core_inst/u_eq_counter/u_tdc_test/tdc_value0__1_carry__0/CO[2]
                         net (fo=6, routed)           0.363     9.668    ps_i/Counter_Core_0/inst/counter_core_inst/u_eq_counter/u_tdc_test/tdc_value0__1_carry__0_n_1
    SLICE_X70Y45         LUT2 (Prop_lut2_I1_O)        0.266     9.934 r  ps_i/Counter_Core_0/inst/counter_core_inst/u_eq_counter/u_tdc_test/tdc_value[5]_i_1/O
                         net (fo=1, routed)           0.000     9.934    ps_i/Counter_Core_0/inst/counter_core_inst/u_eq_counter/u_tdc_test/tdc_value[5]_i_1_n_0
    SLICE_X70Y45         FDRE                                         r  ps_i/Counter_Core_0/inst/counter_core_inst/u_eq_counter/u_tdc_test/tdc_value_reg[5]/D
  -------------------------------------------------------------------    -------------------

                         (clock clk_fx rise edge)     2.857     2.857 r  
    B19                                               0.000     2.857 r  clk_fx_p (IN)
                         net (fo=0)                   0.000     2.857    ps_i/Counter_Core_0/inst/clk_fx_p
    B19                  IBUFDS (Prop_ibufds_I_O)     0.830     3.687 r  ps_i/Counter_Core_0/inst/ibufds_fx/O
                         net (fo=1, routed)           2.928     6.616    ps_i/Counter_Core_0/inst/clk_fx_ibuf
    BUFGCTRL_X0Y1        BUFG (Prop_bufg_I_O)         0.078     6.694 r  ps_i/Counter_Core_0/inst/bufg_fx/O
                         net (fo=188, routed)         1.306     7.999    ps_i/Counter_Core_0/inst/counter_core_inst/u_eq_counter/u_tdc_test/clk_fx
    SLICE_X70Y45         FDRE                                         r  ps_i/Counter_Core_0/inst/counter_core_inst/u_eq_counter/u_tdc_test/tdc_value_reg[5]/C
                         clock pessimism              0.687     8.686    
                         clock uncertainty           -0.035     8.651    
    SLICE_X70Y45         FDRE (Setup_fdre_C_D)        0.069     8.720    ps_i/Counter_Core_0/inst/counter_core_inst/u_eq_counter/u_tdc_test/tdc_value_reg[5]
  -------------------------------------------------------------------
                         required time                          8.720    
                         arrival time                          -9.934    
  -------------------------------------------------------------------
                         slack                                 -1.214    

Slack (VIOLATED) :        -1.105ns  (required time - arrival time)
  Source:                 ps_i/Counter_Core_0/inst/counter_core_inst/u_eq_counter/u_tdc_test/grp_sum_reg[6][2]/C
                            (rising edge-triggered cell FDRE clocked by clk_fx  {rise@0.000ns fall@1.429ns period=2.857ns})
  Destination:            ps_i/Counter_Core_0/inst/counter_core_inst/u_eq_counter/u_tdc_test/tdc_valid_reg/D
                            (rising edge-triggered cell FDRE clocked by clk_fx  {rise@0.000ns fall@1.429ns period=2.857ns})
  Path Group:             clk_fx
  Path Type:              Setup (Max at Slow Process Corner)
  Requirement:            2.857ns  (clk_fx rise@2.857ns - clk_fx rise@0.000ns)
  Data Path Delay:        3.899ns  (logic 1.392ns (35.700%)  route 2.507ns (64.300%))
  Logic Levels:           6  (CARRY4=1 LUT3=1 LUT5=2 LUT6=2)
  Clock Path Skew:        -0.060ns (DCD - SCD + CPR)
    Destination Clock Delay (DCD):    5.142ns = ( 7.999 - 2.857 ) 
    Source Clock Delay      (SCD):    5.889ns
    Clock Pessimism Removal (CPR):    0.687ns
  Clock Uncertainty:      0.035ns  ((TSJ^2 + TIJ^2)^1/2 + DJ) / 2 + PE
    Total System Jitter     (TSJ):    0.071ns
    Total Input Jitter      (TIJ):    0.000ns
    Discrete Jitter          (DJ):    0.000ns
    Phase Error              (PE):    0.000ns

    Location             Delay type                Incr(ns)  Path(ns)    Netlist Resource(s)
  -------------------------------------------------------------------    -------------------
                         (clock clk_fx rise edge)     0.000     0.000 r  
    B19                                               0.000     0.000 r  clk_fx_p (IN)
                         net (fo=0)                   0.000     0.000    ps_i/Counter_Core_0/inst/clk_fx_p
    B19                  IBUFDS (Prop_ibufds_I_O)     0.870     0.870 r  ps_i/Counter_Core_0/inst/ibufds_fx/O
                         net (fo=1, routed)           3.471     4.341    ps_i/Counter_Core_0/inst/clk_fx_ibuf
    BUFGCTRL_X0Y1        BUFG (Prop_bufg_I_O)         0.086     4.427 r  ps_i/Counter_Core_0/inst/bufg_fx/O
                         net (fo=188, routed)         1.462     5.889    ps_i/Counter_Core_0/inst/counter_core_inst/u_eq_counter/u_tdc_test/clk_fx
    SLICE_X75Y43         FDRE                                         r  ps_i/Counter_Core_0/inst/counter_core_inst/u_eq_counter/u_tdc_test/grp_sum_reg[6][2]/C
  -------------------------------------------------------------------    -------------------
    SLICE_X75Y43         FDRE (Prop_fdre_C_Q)         0.379     6.268 r  ps_i/Counter_Core_0/inst/counter_core_inst/u_eq_counter/u_tdc_test/grp_sum_reg[6][2]/Q
                         net (fo=3, routed)           0.481     6.750    ps_i/Counter_Core_0/inst/counter_core_inst/u_eq_counter/u_tdc_test/grp_sum_reg_n_0_[6][2]
    SLICE_X73Y44         LUT3 (Prop_lut3_I0_O)        0.105     6.855 r  ps_i/Counter_Core_0/inst/counter_core_inst/u_eq_counter/u_tdc_test/tdc_value0__1_carry_i_22__0/O
                         net (fo=2, routed)           0.514     7.369    ps_i/Counter_Core_0/inst/counter_core_inst/u_eq_counter/u_tdc_test/tdc_value0__1_carry_i_22__0_n_0
    SLICE_X73Y43         LUT5 (Prop_lut5_I3_O)        0.105     7.474 r  ps_i/Counter_Core_0/inst/counter_core_inst/u_eq_counter/u_tdc_test/tdc_value0__1_carry__0_i_10__0/O
                         net (fo=2, routed)           0.466     7.940    ps_i/Counter_Core_0/inst/counter_core_inst/u_eq_counter/u_tdc_test/tdc_value0__1_carry__0_i_10__0_n_0
    SLICE_X72Y44         LUT5 (Prop_lut5_I4_O)        0.105     8.045 r  ps_i/Counter_Core_0/inst/counter_core_inst/u_eq_counter/u_tdc_test/tdc_value0__1_carry__0_i_6__0/O
                         net (fo=2, routed)           0.582     8.627    ps_i/Counter_Core_0/inst/counter_core_inst/u_eq_counter/u_tdc_test/tdc_value0__1_carry__0_i_6__0_n_0
    SLICE_X69Y45         LUT6 (Prop_lut6_I1_O)        0.105     8.732 r  ps_i/Counter_Core_0/inst/counter_core_inst/u_eq_counter/u_tdc_test/tdc_value0__1_carry__0_i_4__0/O
                         net (fo=1, routed)           0.000     8.732    ps_i/Counter_Core_0/inst/counter_core_inst/u_eq_counter/u_tdc_test/tdc_value0__1_carry__0_i_4__0_n_0
    SLICE_X69Y45         CARRY4 (Prop_carry4_S[0]_O[1])
                                                      0.343     9.075 r  ps_i/Counter_Core_0/inst/counter_core_inst/u_eq_counter/u_tdc_test/tdc_value0__1_carry__0/O[1]
                         net (fo=2, routed)           0.464     9.538    ps_i/Counter_Core_0/inst/counter_core_inst/u_eq_counter/u_tdc_test/tdc_value0__1_carry__0_n_6
    SLICE_X71Y45         LUT6 (Prop_lut6_I0_O)        0.250     9.788 r  ps_i/Counter_Core_0/inst/counter_core_inst/u_eq_counter/u_tdc_test/tdc_valid_i_1__0/O
                         net (fo=1, routed)           0.000     9.788    ps_i/Counter_Core_0/inst/counter_core_inst/u_eq_counter/u_tdc_test/tdc_valid_i_1__0_n_0
    SLICE_X71Y45         FDRE                                         r  ps_i/Counter_Core_0/inst/counter_core_inst/u_eq_counter/u_tdc_test/tdc_valid_reg/D
  -------------------------------------------------------------------    -------------------

                         (clock clk_fx rise edge)     2.857     2.857 r  
    B19                                               0.000     2.857 r  clk_fx_p (IN)
                         net (fo=0)                   0.000     2.857    ps_i/Counter_Core_0/inst/clk_fx_p
    B19                  IBUFDS (Prop_ibufds_I_O)     0.830     3.687 r  ps_i/Counter_Core_0/inst/ibufds_fx/O
                         net (fo=1, routed)           2.928     6.616    ps_i/Counter_Core_0/inst/clk_fx_ibuf
    BUFGCTRL_X0Y1        BUFG (Prop_bufg_I_O)         0.078     6.694 r  ps_i/Counter_Core_0/inst/bufg_fx/O
                         net (fo=188, routed)         1.306     7.999    ps_i/Counter_Core_0/inst/counter_core_inst/u_eq_counter/u_tdc_test/clk_fx
    SLICE_X71Y45         FDRE                                         r  ps_i/Counter_Core_0/inst/counter_core_inst/u_eq_counter/u_tdc_test/tdc_valid_reg/C
                         clock pessimism              0.687     8.686    
                         clock uncertainty           -0.035     8.651    
    SLICE_X71Y45         FDRE (Setup_fdre_C_D)        0.032     8.683    ps_i/Counter_Core_0/inst/counter_core_inst/u_eq_counter/u_tdc_test/tdc_valid_reg
  -------------------------------------------------------------------
                         required time                          8.683    
                         arrival time                          -9.788    
  -------------------------------------------------------------------
                         slack                                 -1.105    

Slack (MET) :             0.145ns  (required time - arrival time)
  Source:                 ps_i/Counter_Core_0/inst/counter_core_inst/u_eq_counter/u_gate_sync/sync_reg[2]/C
                            (rising edge-triggered cell FDRE clocked by clk_fx  {rise@0.000ns fall@1.429ns period=2.857ns})
  Destination:            ps_i/Counter_Core_0/inst/counter_core_inst/u_eq_counter/test_cnt_reg[10]/R
                            (rising edge-triggered cell FDRE clocked by clk_fx  {rise@0.000ns fall@1.429ns period=2.857ns})
  Path Group:             clk_fx
  Path Type:              Setup (Max at Slow Process Corner)
  Requirement:            2.857ns  (clk_fx rise@2.857ns - clk_fx rise@0.000ns)
  Data Path Delay:        2.297ns  (logic 0.587ns (25.558%)  route 1.710ns (74.442%))
  Logic Levels:           1  (LUT3=1)
  Clock Path Skew:        -0.028ns (DCD - SCD + CPR)
    Destination Clock Delay (DCD):    5.140ns = ( 7.997 - 2.857 ) 
    Source Clock Delay      (SCD):    5.887ns
    Clock Pessimism Removal (CPR):    0.719ns
  Clock Uncertainty:      0.035ns  ((TSJ^2 + TIJ^2)^1/2 + DJ) / 2 + PE
    Total System Jitter     (TSJ):    0.071ns
    Total Input Jitter      (TIJ):    0.000ns
    Discrete Jitter          (DJ):    0.000ns
    Phase Error              (PE):    0.000ns

    Location             Delay type                Incr(ns)  Path(ns)    Netlist Resource(s)
  -------------------------------------------------------------------    -------------------
                         (clock clk_fx rise edge)     0.000     0.000 r  
    B19                                               0.000     0.000 r  clk_fx_p (IN)
                         net (fo=0)                   0.000     0.000    ps_i/Counter_Core_0/inst/clk_fx_p
    B19                  IBUFDS (Prop_ibufds_I_O)     0.870     0.870 r  ps_i/Counter_Core_0/inst/ibufds_fx/O
                         net (fo=1, routed)           3.471     4.341    ps_i/Counter_Core_0/inst/clk_fx_ibuf
    BUFGCTRL_X0Y1        BUFG (Prop_bufg_I_O)         0.086     4.427 r  ps_i/Counter_Core_0/inst/bufg_fx/O
                         net (fo=188, routed)         1.460     5.887    ps_i/Counter_Core_0/inst/counter_core_inst/u_eq_counter/u_gate_sync/clk_fx
    SLICE_X65Y42         FDRE                                         r  ps_i/Counter_Core_0/inst/counter_core_inst/u_eq_counter/u_gate_sync/sync_reg[2]/C
  -------------------------------------------------------------------    -------------------
    SLICE_X65Y42         FDRE (Prop_fdre_C_Q)         0.348     6.235 r  ps_i/Counter_Core_0/inst/counter_core_inst/u_eq_counter/u_gate_sync/sync_reg[2]/Q
                         net (fo=36, routed)          0.901     7.136    ps_i/Counter_Core_0/inst/counter_core_inst/u_eq_counter/u_gate_sync/sync[2]
    SLICE_X67Y38         LUT3 (Prop_lut3_I1_O)        0.239     7.375 r  ps_i/Counter_Core_0/inst/counter_core_inst/u_eq_counter/u_gate_sync/test_cnt[0]_i_1/O
                         net (fo=32, routed)          0.809     8.184    ps_i/Counter_Core_0/inst/counter_core_inst/u_eq_counter/u_gate_sync_n_1
    SLICE_X64Y40         FDRE                                         r  ps_i/Counter_Core_0/inst/counter_core_inst/u_eq_counter/test_cnt_reg[10]/R
  -------------------------------------------------------------------    -------------------

                         (clock clk_fx rise edge)     2.857     2.857 r  
    B19                                               0.000     2.857 r  clk_fx_p (IN)
                         net (fo=0)                   0.000     2.857    ps_i/Counter_Core_0/inst/clk_fx_p
    B19                  IBUFDS (Prop_ibufds_I_O)     0.830     3.687 r  ps_i/Counter_Core_0/inst/ibufds_fx/O
                         net (fo=1, routed)           2.928     6.616    ps_i/Counter_Core_0/inst/clk_fx_ibuf
    BUFGCTRL_X0Y1        BUFG (Prop_bufg_I_O)         0.078     6.694 r  ps_i/Counter_Core_0/inst/bufg_fx/O
                         net (fo=188, routed)         1.304     7.997    ps_i/Counter_Core_0/inst/counter_core_inst/u_eq_counter/clk_fx
    SLICE_X64Y40         FDRE                                         r  ps_i/Counter_Core_0/inst/counter_core_inst/u_eq_counter/test_cnt_reg[10]/C
                         clock pessimism              0.719     8.716    
                         clock uncertainty           -0.035     8.681    
    SLICE_X64Y40         FDRE (Setup_fdre_C_R)       -0.352     8.329    ps_i/Counter_Core_0/inst/counter_core_inst/u_eq_counter/test_cnt_reg[10]
  -------------------------------------------------------------------
                         required time                          8.329    
                         arrival time                          -8.184    
  -------------------------------------------------------------------
                         slack                                  0.145    

Slack (MET) :             0.145ns  (required time - arrival time)
  Source:                 ps_i/Counter_Core_0/inst/counter_core_inst/u_eq_counter/u_gate_sync/sync_reg[2]/C
                            (rising edge-triggered cell FDRE clocked by clk_fx  {rise@0.000ns fall@1.429ns period=2.857ns})
  Destination:            ps_i/Counter_Core_0/inst/counter_core_inst/u_eq_counter/test_cnt_reg[11]/R
                            (rising edge-triggered cell FDRE clocked by clk_fx  {rise@0.000ns fall@1.429ns period=2.857ns})
  Path Group:             clk_fx
  Path Type:              Setup (Max at Slow Process Corner)
  Requirement:            2.857ns  (clk_fx rise@2.857ns - clk_fx rise@0.000ns)
  Data Path Delay:        2.297ns  (logic 0.587ns (25.558%)  route 1.710ns (74.442%))
  Logic Levels:           1  (LUT3=1)
  Clock Path Skew:        -0.028ns (DCD - SCD + CPR)
    Destination Clock Delay (DCD):    5.140ns = ( 7.997 - 2.857 ) 
    Source Clock Delay      (SCD):    5.887ns
    Clock Pessimism Removal (CPR):    0.719ns
  Clock Uncertainty:      0.035ns  ((TSJ^2 + TIJ^2)^1/2 + DJ) / 2 + PE
    Total System Jitter     (TSJ):    0.071ns
    Total Input Jitter      (TIJ):    0.000ns
    Discrete Jitter          (DJ):    0.000ns
    Phase Error              (PE):    0.000ns

    Location             Delay type                Incr(ns)  Path(ns)    Netlist Resource(s)
  -------------------------------------------------------------------    -------------------
                         (clock clk_fx rise edge)     0.000     0.000 r  
    B19                                               0.000     0.000 r  clk_fx_p (IN)
                         net (fo=0)                   0.000     0.000    ps_i/Counter_Core_0/inst/clk_fx_p
    B19                  IBUFDS (Prop_ibufds_I_O)     0.870     0.870 r  ps_i/Counter_Core_0/inst/ibufds_fx/O
                         net (fo=1, routed)           3.471     4.341    ps_i/Counter_Core_0/inst/clk_fx_ibuf
    BUFGCTRL_X0Y1        BUFG (Prop_bufg_I_O)         0.086     4.427 r  ps_i/Counter_Core_0/inst/bufg_fx/O
                         net (fo=188, routed)         1.460     5.887    ps_i/Counter_Core_0/inst/counter_core_inst/u_eq_counter/u_gate_sync/clk_fx
    SLICE_X65Y42         FDRE                                         r  ps_i/Counter_Core_0/inst/counter_core_inst/u_eq_counter/u_gate_sync/sync_reg[2]/C
  -------------------------------------------------------------------    -------------------
    SLICE_X65Y42         FDRE (Prop_fdre_C_Q)         0.348     6.235 r  ps_i/Counter_Core_0/inst/counter_core_inst/u_eq_counter/u_gate_sync/sync_reg[2]/Q
                         net (fo=36, routed)          0.901     7.136    ps_i/Counter_Core_0/inst/counter_core_inst/u_eq_counter/u_gate_sync/sync[2]
    SLICE_X67Y38         LUT3 (Prop_lut3_I1_O)        0.239     7.375 r  ps_i/Counter_Core_0/inst/counter_core_inst/u_eq_counter/u_gate_sync/test_cnt[0]_i_1/O
                         net (fo=32, routed)          0.809     8.184    ps_i/Counter_Core_0/inst/counter_core_inst/u_eq_counter/u_gate_sync_n_1
    SLICE_X64Y40         FDRE                                         r  ps_i/Counter_Core_0/inst/counter_core_inst/u_eq_counter/test_cnt_reg[11]/R
  -------------------------------------------------------------------    -------------------

                         (clock clk_fx rise edge)     2.857     2.857 r  
    B19                                               0.000     2.857 r  clk_fx_p (IN)
                         net (fo=0)                   0.000     2.857    ps_i/Counter_Core_0/inst/clk_fx_p
    B19                  IBUFDS (Prop_ibufds_I_O)     0.830     3.687 r  ps_i/Counter_Core_0/inst/ibufds_fx/O
                         net (fo=1, routed)           2.928     6.616    ps_i/Counter_Core_0/inst/clk_fx_ibuf
    BUFGCTRL_X0Y1        BUFG (Prop_bufg_I_O)         0.078     6.694 r  ps_i/Counter_Core_0/inst/bufg_fx/O
                         net (fo=188, routed)         1.304     7.997    ps_i/Counter_Core_0/inst/counter_core_inst/u_eq_counter/clk_fx
    SLICE_X64Y40         FDRE                                         r  ps_i/Counter_Core_0/inst/counter_core_inst/u_eq_counter/test_cnt_reg[11]/C
                         clock pessimism              0.719     8.716    
                         clock uncertainty           -0.035     8.681    
    SLICE_X64Y40         FDRE (Setup_fdre_C_R)       -0.352     8.329    ps_i/Counter_Core_0/inst/counter_core_inst/u_eq_counter/test_cnt_reg[11]
  -------------------------------------------------------------------
                         required time                          8.329    
                         arrival time                          -8.184    
  -------------------------------------------------------------------
                         slack                                  0.145    

Slack (MET) :             0.145ns  (required time - arrival time)
  Source:                 ps_i/Counter_Core_0/inst/counter_core_inst/u_eq_counter/u_gate_sync/sync_reg[2]/C
                            (rising edge-triggered cell FDRE clocked by clk_fx  {rise@0.000ns fall@1.429ns period=2.857ns})
  Destination:            ps_i/Counter_Core_0/inst/counter_core_inst/u_eq_counter/test_cnt_reg[8]/R
                            (rising edge-triggered cell FDRE clocked by clk_fx  {rise@0.000ns fall@1.429ns period=2.857ns})
  Path Group:             clk_fx
  Path Type:              Setup (Max at Slow Process Corner)
  Requirement:            2.857ns  (clk_fx rise@2.857ns - clk_fx rise@0.000ns)
  Data Path Delay:        2.297ns  (logic 0.587ns (25.558%)  route 1.710ns (74.442%))
  Logic Levels:           1  (LUT3=1)
  Clock Path Skew:        -0.028ns (DCD - SCD + CPR)
    Destination Clock Delay (DCD):    5.140ns = ( 7.997 - 2.857 ) 
    Source Clock Delay      (SCD):    5.887ns
    Clock Pessimism Removal (CPR):    0.719ns
  Clock Uncertainty:      0.035ns  ((TSJ^2 + TIJ^2)^1/2 + DJ) / 2 + PE
    Total System Jitter     (TSJ):    0.071ns
    Total Input Jitter      (TIJ):    0.000ns
    Discrete Jitter          (DJ):    0.000ns
    Phase Error              (PE):    0.000ns

    Location             Delay type                Incr(ns)  Path(ns)    Netlist Resource(s)
  -------------------------------------------------------------------    -------------------
                         (clock clk_fx rise edge)     0.000     0.000 r  
    B19                                               0.000     0.000 r  clk_fx_p (IN)
                         net (fo=0)                   0.000     0.000    ps_i/Counter_Core_0/inst/clk_fx_p
    B19                  IBUFDS (Prop_ibufds_I_O)     0.870     0.870 r  ps_i/Counter_Core_0/inst/ibufds_fx/O
                         net (fo=1, routed)           3.471     4.341    ps_i/Counter_Core_0/inst/clk_fx_ibuf
    BUFGCTRL_X0Y1        BUFG (Prop_bufg_I_O)         0.086     4.427 r  ps_i/Counter_Core_0/inst/bufg_fx/O
                         net (fo=188, routed)         1.460     5.887    ps_i/Counter_Core_0/inst/counter_core_inst/u_eq_counter/u_gate_sync/clk_fx
    SLICE_X65Y42         FDRE                                         r  ps_i/Counter_Core_0/inst/counter_core_inst/u_eq_counter/u_gate_sync/sync_reg[2]/C
  -------------------------------------------------------------------    -------------------
    SLICE_X65Y42         FDRE (Prop_fdre_C_Q)         0.348     6.235 r  ps_i/Counter_Core_0/inst/counter_core_inst/u_eq_counter/u_gate_sync/sync_reg[2]/Q
                         net (fo=36, routed)          0.901     7.136    ps_i/Counter_Core_0/inst/counter_core_inst/u_eq_counter/u_gate_sync/sync[2]
    SLICE_X67Y38         LUT3 (Prop_lut3_I1_O)        0.239     7.375 r  ps_i/Counter_Core_0/inst/counter_core_inst/u_eq_counter/u_gate_sync/test_cnt[0]_i_1/O
                         net (fo=32, routed)          0.809     8.184    ps_i/Counter_Core_0/inst/counter_core_inst/u_eq_counter/u_gate_sync_n_1
    SLICE_X64Y40         FDRE                                         r  ps_i/Counter_Core_0/inst/counter_core_inst/u_eq_counter/test_cnt_reg[8]/R
  -------------------------------------------------------------------    -------------------

                         (clock clk_fx rise edge)     2.857     2.857 r  
    B19                                               0.000     2.857 r  clk_fx_p (IN)
                         net (fo=0)                   0.000     2.857    ps_i/Counter_Core_0/inst/clk_fx_p
    B19                  IBUFDS (Prop_ibufds_I_O)     0.830     3.687 r  ps_i/Counter_Core_0/inst/ibufds_fx/O
                         net (fo=1, routed)           2.928     6.616    ps_i/Counter_Core_0/inst/clk_fx_ibuf
    BUFGCTRL_X0Y1        BUFG (Prop_bufg_I_O)         0.078     6.694 r  ps_i/Counter_Core_0/inst/bufg_fx/O
                         net (fo=188, routed)         1.304     7.997    ps_i/Counter_Core_0/inst/counter_core_inst/u_eq_counter/clk_fx
    SLICE_X64Y40         FDRE                                         r  ps_i/Counter_Core_0/inst/counter_core_inst/u_eq_counter/test_cnt_reg[8]/C
                         clock pessimism              0.719     8.716    
                         clock uncertainty           -0.035     8.681    
    SLICE_X64Y40         FDRE (Setup_fdre_C_R)       -0.352     8.329    ps_i/Counter_Core_0/inst/counter_core_inst/u_eq_counter/test_cnt_reg[8]
  -------------------------------------------------------------------
                         required time                          8.329    
                         arrival time                          -8.184    
  -------------------------------------------------------------------
                         slack                                  0.145    





Min Delay Paths
--------------------------------------------------------------------------------------
Slack (MET) :             0.121ns  (arrival time - required time)
  Source:                 ps_i/Counter_Core_0/inst/counter_core_inst/u_eq_counter/u_gate_sync/sync_reg[0]/C
                            (rising edge-triggered cell FDRE clocked by clk_fx  {rise@0.000ns fall@1.429ns period=2.857ns})
  Destination:            ps_i/Counter_Core_0/inst/counter_core_inst/u_eq_counter/u_gate_sync/sync_reg[1]/D
                            (rising edge-triggered cell FDRE clocked by clk_fx  {rise@0.000ns fall@1.429ns period=2.857ns})
  Path Group:             clk_fx
  Path Type:              Hold (Min at Fast Process Corner)
  Requirement:            0.000ns  (clk_fx rise@0.000ns - clk_fx rise@0.000ns)
  Data Path Delay:        0.196ns  (logic 0.141ns (71.838%)  route 0.055ns (28.162%))
  Logic Levels:           0  
  Clock Path Skew:        0.000ns (DCD - SCD - CPR)
    Destination Clock Delay (DCD):    3.226ns
    Source Clock Delay      (SCD):    2.627ns
    Clock Pessimism Removal (CPR):    0.599ns

    Location             Delay type                Incr(ns)  Path(ns)    Netlist Resource(s)
  -------------------------------------------------------------------    -------------------
                         (clock clk_fx rise edge)     0.000     0.000 r  
    B19                                               0.000     0.000 r  clk_fx_p (IN)
                         net (fo=0)                   0.000     0.000    ps_i/Counter_Core_0/inst/clk_fx_p
    B19                  IBUFDS (Prop_ibufds_I_O)     0.366     0.366 r  ps_i/Counter_Core_0/inst/ibufds_fx/O
                         net (fo=1, routed)           1.652     2.018    ps_i/Counter_Core_0/inst/clk_fx_ibuf
    BUFGCTRL_X0Y1        BUFG (Prop_bufg_I_O)         0.027     2.045 r  ps_i/Counter_Core_0/inst/bufg_fx/O
                         net (fo=188, routed)         0.582     2.627    ps_i/Counter_Core_0/inst/counter_core_inst/u_eq_counter/u_gate_sync/clk_fx
    SLICE_X65Y42         FDRE                                         r  ps_i/Counter_Core_0/inst/counter_core_inst/u_eq_counter/u_gate_sync/sync_reg[0]/C
  -------------------------------------------------------------------    -------------------
    SLICE_X65Y42         FDRE (Prop_fdre_C_Q)         0.141     2.768 r  ps_i/Counter_Core_0/inst/counter_core_inst/u_eq_counter/u_gate_sync/sync_reg[0]/Q
                         net (fo=1, routed)           0.055     2.823    ps_i/Counter_Core_0/inst/counter_core_inst/u_eq_counter/u_gate_sync/sync[0]
    SLICE_X65Y42         FDRE                                         r  ps_i/Counter_Core_0/inst/counter_core_inst/u_eq_counter/u_gate_sync/sync_reg[1]/D
  -------------------------------------------------------------------    -------------------

                         (clock clk_fx rise edge)     0.000     0.000 r  
    B19                                               0.000     0.000 r  clk_fx_p (IN)
                         net (fo=0)                   0.000     0.000    ps_i/Counter_Core_0/inst/clk_fx_p
    B19                  IBUFDS (Prop_ibufds_I_O)     0.401     0.401 r  ps_i/Counter_Core_0/inst/ibufds_fx/O
                         net (fo=1, routed)           1.945     2.346    ps_i/Counter_Core_0/inst/clk_fx_ibuf
    BUFGCTRL_X0Y1        BUFG (Prop_bufg_I_O)         0.030     2.376 r  ps_i/Counter_Core_0/inst/bufg_fx/O
                         net (fo=188, routed)         0.850     3.226    ps_i/Counter_Core_0/inst/counter_core_inst/u_eq_counter/u_gate_sync/clk_fx
    SLICE_X65Y42         FDRE                                         r  ps_i/Counter_Core_0/inst/counter_core_inst/u_eq_counter/u_gate_sync/sync_reg[1]/C
                         clock pessimism             -0.599     2.627    
    SLICE_X65Y42         FDRE (Hold_fdre_C_D)         0.075     2.702    ps_i/Counter_Core_0/inst/counter_core_inst/u_eq_counter/u_gate_sync/sync_reg[1]
  -------------------------------------------------------------------
                         required time                         -2.702    
                         arrival time                           2.823    
  -------------------------------------------------------------------
                         slack                                  0.121    

Slack (MET) :             0.130ns  (arrival time - required time)
  Source:                 ps_i/Counter_Core_0/inst/counter_core_inst/u_rst_fx/sync_reg[0]/C
                            (rising edge-triggered cell FDCE clocked by clk_fx  {rise@0.000ns fall@1.429ns period=2.857ns})
  Destination:            ps_i/Counter_Core_0/inst/counter_core_inst/u_rst_fx/sync_reg[1]/D
                            (rising edge-triggered cell FDCE clocked by clk_fx  {rise@0.000ns fall@1.429ns period=2.857ns})
  Path Group:             clk_fx
  Path Type:              Hold (Min at Fast Process Corner)
  Requirement:            0.000ns  (clk_fx rise@0.000ns - clk_fx rise@0.000ns)
  Data Path Delay:        0.205ns  (logic 0.141ns (68.843%)  route 0.064ns (31.157%))
  Logic Levels:           0  
  Clock Path Skew:        0.000ns (DCD - SCD - CPR)
    Destination Clock Delay (DCD):    3.223ns
    Source Clock Delay      (SCD):    2.625ns
    Clock Pessimism Removal (CPR):    0.598ns

    Location             Delay type                Incr(ns)  Path(ns)    Netlist Resource(s)
  -------------------------------------------------------------------    -------------------
                         (clock clk_fx rise edge)     0.000     0.000 r  
    B19                                               0.000     0.000 r  clk_fx_p (IN)
                         net (fo=0)                   0.000     0.000    ps_i/Counter_Core_0/inst/clk_fx_p
    B19                  IBUFDS (Prop_ibufds_I_O)     0.366     0.366 r  ps_i/Counter_Core_0/inst/ibufds_fx/O
                         net (fo=1, routed)           1.652     2.018    ps_i/Counter_Core_0/inst/clk_fx_ibuf
    BUFGCTRL_X0Y1        BUFG (Prop_bufg_I_O)         0.027     2.045 r  ps_i/Counter_Core_0/inst/bufg_fx/O
                         net (fo=188, routed)         0.580     2.625    ps_i/Counter_Core_0/inst/counter_core_inst/u_rst_fx/clk_fx
    SLICE_X64Y37         FDCE                                         r  ps_i/Counter_Core_0/inst/counter_core_inst/u_rst_fx/sync_reg[0]/C
  -------------------------------------------------------------------    -------------------
    SLICE_X64Y37         FDCE (Prop_fdce_C_Q)         0.141     2.766 r  ps_i/Counter_Core_0/inst/counter_core_inst/u_rst_fx/sync_reg[0]/Q
                         net (fo=1, routed)           0.064     2.830    ps_i/Counter_Core_0/inst/counter_core_inst/u_rst_fx/sync[0]
    SLICE_X64Y37         FDCE                                         r  ps_i/Counter_Core_0/inst/counter_core_inst/u_rst_fx/sync_reg[1]/D
  -------------------------------------------------------------------    -------------------

                         (clock clk_fx rise edge)     0.000     0.000 r  
    B19                                               0.000     0.000 r  clk_fx_p (IN)
                         net (fo=0)                   0.000     0.000    ps_i/Counter_Core_0/inst/clk_fx_p
    B19                  IBUFDS (Prop_ibufds_I_O)     0.401     0.401 r  ps_i/Counter_Core_0/inst/ibufds_fx/O
                         net (fo=1, routed)           1.945     2.346    ps_i/Counter_Core_0/inst/clk_fx_ibuf
    BUFGCTRL_X0Y1        BUFG (Prop_bufg_I_O)         0.030     2.376 r  ps_i/Counter_Core_0/inst/bufg_fx/O
                         net (fo=188, routed)         0.847     3.223    ps_i/Counter_Core_0/inst/counter_core_inst/u_rst_fx/clk_fx
    SLICE_X64Y37         FDCE                                         r  ps_i/Counter_Core_0/inst/counter_core_inst/u_rst_fx/sync_reg[1]/C
                         clock pessimism             -0.598     2.625    
    SLICE_X64Y37         FDCE (Hold_fdce_C_D)         0.075     2.700    ps_i/Counter_Core_0/inst/counter_core_inst/u_rst_fx/sync_reg[1]
  -------------------------------------------------------------------
                         required time                         -2.700    
                         arrival time                           2.830    
  -------------------------------------------------------------------
                         slack                                  0.130    

Slack (MET) :             0.174ns  (arrival time - required time)
  Source:                 ps_i/Counter_Core_0/inst/counter_core_inst/u_eq_counter/test_cnt_reg[29]/C
                            (rising edge-triggered cell FDRE clocked by clk_fx  {rise@0.000ns fall@1.429ns period=2.857ns})
  Destination:            ps_i/Counter_Core_0/inst/counter_core_inst/u_eq_counter/test_result_reg[29]/D
                            (rising edge-triggered cell FDRE clocked by clk_fx  {rise@0.000ns fall@1.429ns period=2.857ns})
  Path Group:             clk_fx
  Path Type:              Hold (Min at Fast Process Corner)
  Requirement:            0.000ns  (clk_fx rise@0.000ns - clk_fx rise@0.000ns)
  Data Path Delay:        0.259ns  (logic 0.141ns (54.430%)  route 0.118ns (45.570%))
  Logic Levels:           0  
  Clock Path Skew:        0.013ns (DCD - SCD - CPR)
    Destination Clock Delay (DCD):    3.227ns
    Source Clock Delay      (SCD):    2.628ns
    Clock Pessimism Removal (CPR):    0.586ns

    Location             Delay type                Incr(ns)  Path(ns)    Netlist Resource(s)
  -------------------------------------------------------------------    -------------------
                         (clock clk_fx rise edge)     0.000     0.000 r  
    B19                                               0.000     0.000 r  clk_fx_p (IN)
                         net (fo=0)                   0.000     0.000    ps_i/Counter_Core_0/inst/clk_fx_p
    B19                  IBUFDS (Prop_ibufds_I_O)     0.366     0.366 r  ps_i/Counter_Core_0/inst/ibufds_fx/O
                         net (fo=1, routed)           1.652     2.018    ps_i/Counter_Core_0/inst/clk_fx_ibuf
    BUFGCTRL_X0Y1        BUFG (Prop_bufg_I_O)         0.027     2.045 r  ps_i/Counter_Core_0/inst/bufg_fx/O
                         net (fo=188, routed)         0.583     2.628    ps_i/Counter_Core_0/inst/counter_core_inst/u_eq_counter/clk_fx
    SLICE_X64Y45         FDRE                                         r  ps_i/Counter_Core_0/inst/counter_core_inst/u_eq_counter/test_cnt_reg[29]/C
  -------------------------------------------------------------------    -------------------
    SLICE_X64Y45         FDRE (Prop_fdre_C_Q)         0.141     2.769 r  ps_i/Counter_Core_0/inst/counter_core_inst/u_eq_counter/test_cnt_reg[29]/Q
                         net (fo=2, routed)           0.118     2.887    ps_i/Counter_Core_0/inst/counter_core_inst/u_eq_counter/test_cnt_reg[29]
    SLICE_X65Y45         FDRE                                         r  ps_i/Counter_Core_0/inst/counter_core_inst/u_eq_counter/test_result_reg[29]/D
  -------------------------------------------------------------------    -------------------

                         (clock clk_fx rise edge)     0.000     0.000 r  
    B19                                               0.000     0.000 r  clk_fx_p (IN)
                         net (fo=0)                   0.000     0.000    ps_i/Counter_Core_0/inst/clk_fx_p
    B19                  IBUFDS (Prop_ibufds_I_O)     0.401     0.401 r  ps_i/Counter_Core_0/inst/ibufds_fx/O
                         net (fo=1, routed)           1.945     2.346    ps_i/Counter_Core_0/inst/clk_fx_ibuf
    BUFGCTRL_X0Y1        BUFG (Prop_bufg_I_O)         0.030     2.376 r  ps_i/Counter_Core_0/inst/bufg_fx/O
                         net (fo=188, routed)         0.851     3.227    ps_i/Counter_Core_0/inst/counter_core_inst/u_eq_counter/clk_fx
    SLICE_X65Y45         FDRE                                         r  ps_i/Counter_Core_0/inst/counter_core_inst/u_eq_counter/test_result_reg[29]/C
                         clock pessimism             -0.586     2.641    
    SLICE_X65Y45         FDRE (Hold_fdre_C_D)         0.072     2.713    ps_i/Counter_Core_0/inst/counter_core_inst/u_eq_counter/test_result_reg[29]
  -------------------------------------------------------------------
                         required time                         -2.713    
                         arrival time                           2.887    
  -------------------------------------------------------------------
                         slack                                  0.174    

Slack (MET) :             0.176ns  (arrival time - required time)
  Source:                 ps_i/Counter_Core_0/inst/counter_core_inst/u_eq_counter/test_cnt_reg[28]/C
                            (rising edge-triggered cell FDRE clocked by clk_fx  {rise@0.000ns fall@1.429ns period=2.857ns})
  Destination:            ps_i/Counter_Core_0/inst/counter_core_inst/u_eq_counter/test_result_reg[28]/D
                            (rising edge-triggered cell FDRE clocked by clk_fx  {rise@0.000ns fall@1.429ns period=2.857ns})
  Path Group:             clk_fx
  Path Type:              Hold (Min at Fast Process Corner)
  Requirement:            0.000ns  (clk_fx rise@0.000ns - clk_fx rise@0.000ns)
  Data Path Delay:        0.270ns  (logic 0.141ns (52.214%)  route 0.129ns (47.786%))
  Logic Levels:           0  
  Clock Path Skew:        0.016ns (DCD - SCD - CPR)
    Destination Clock Delay (DCD):    3.227ns
    Source Clock Delay      (SCD):    2.628ns
    Clock Pessimism Removal (CPR):    0.583ns

    Location             Delay type                Incr(ns)  Path(ns)    Netlist Resource(s)
  -------------------------------------------------------------------    -------------------
                         (clock clk_fx rise edge)     0.000     0.000 r  
    B19                                               0.000     0.000 r  clk_fx_p (IN)
                         net (fo=0)                   0.000     0.000    ps_i/Counter_Core_0/inst/clk_fx_p
    B19                  IBUFDS (Prop_ibufds_I_O)     0.366     0.366 r  ps_i/Counter_Core_0/inst/ibufds_fx/O
                         net (fo=1, routed)           1.652     2.018    ps_i/Counter_Core_0/inst/clk_fx_ibuf
    BUFGCTRL_X0Y1        BUFG (Prop_bufg_I_O)         0.027     2.045 r  ps_i/Counter_Core_0/inst/bufg_fx/O
                         net (fo=188, routed)         0.583     2.628    ps_i/Counter_Core_0/inst/counter_core_inst/u_eq_counter/clk_fx
    SLICE_X64Y45         FDRE                                         r  ps_i/Counter_Core_0/inst/counter_core_inst/u_eq_counter/test_cnt_reg[28]/C
  -------------------------------------------------------------------    -------------------
    SLICE_X64Y45         FDRE (Prop_fdre_C_Q)         0.141     2.769 r  ps_i/Counter_Core_0/inst/counter_core_inst/u_eq_counter/test_cnt_reg[28]/Q
                         net (fo=2, routed)           0.129     2.898    ps_i/Counter_Core_0/inst/counter_core_inst/u_eq_counter/test_cnt_reg[28]
    SLICE_X65Y44         FDRE                                         r  ps_i/Counter_Core_0/inst/counter_core_inst/u_eq_counter/test_result_reg[28]/D
  -------------------------------------------------------------------    -------------------

                         (clock clk_fx rise edge)     0.000     0.000 r  
    B19                                               0.000     0.000 r  clk_fx_p (IN)
                         net (fo=0)                   0.000     0.000    ps_i/Counter_Core_0/inst/clk_fx_p
    B19                  IBUFDS (Prop_ibufds_I_O)     0.401     0.401 r  ps_i/Counter_Core_0/inst/ibufds_fx/O
                         net (fo=1, routed)           1.945     2.346    ps_i/Counter_Core_0/inst/clk_fx_ibuf
    BUFGCTRL_X0Y1        BUFG (Prop_bufg_I_O)         0.030     2.376 r  ps_i/Counter_Core_0/inst/bufg_fx/O
                         net (fo=188, routed)         0.851     3.227    ps_i/Counter_Core_0/inst/counter_core_inst/u_eq_counter/clk_fx
    SLICE_X65Y44         FDRE                                         r  ps_i/Counter_Core_0/inst/counter_core_inst/u_eq_counter/test_result_reg[28]/C
                         clock pessimism             -0.583     2.644    
    SLICE_X65Y44         FDRE (Hold_fdre_C_D)         0.078     2.722    ps_i/Counter_Core_0/inst/counter_core_inst/u_eq_counter/test_result_reg[28]
  -------------------------------------------------------------------
                         required time                         -2.722    
                         arrival time                           2.898    
  -------------------------------------------------------------------
                         slack                                  0.176    

Slack (MET) :             0.177ns  (arrival time - required time)
  Source:                 ps_i/Counter_Core_0/inst/counter_core_inst/u_eq_counter/test_cnt_reg[30]/C
                            (rising edge-triggered cell FDRE clocked by clk_fx  {rise@0.000ns fall@1.429ns period=2.857ns})
  Destination:            ps_i/Counter_Core_0/inst/counter_core_inst/u_eq_counter/test_result_reg[30]/D
                            (rising edge-triggered cell FDRE clocked by clk_fx  {rise@0.000ns fall@1.429ns period=2.857ns})
  Path Group:             clk_fx
  Path Type:              Hold (Min at Fast Process Corner)
  Requirement:            0.000ns  (clk_fx rise@0.000ns - clk_fx rise@0.000ns)
  Data Path Delay:        0.265ns  (logic 0.141ns (53.116%)  route 0.124ns (46.884%))
  Logic Levels:           0  
  Clock Path Skew:        0.013ns (DCD - SCD - CPR)
    Destination Clock Delay (DCD):    3.227ns
    Source Clock Delay      (SCD):    2.628ns
    Clock Pessimism Removal (CPR):    0.586ns

    Location             Delay type                Incr(ns)  Path(ns)    Netlist Resource(s)
  -------------------------------------------------------------------    -------------------
                         (clock clk_fx rise edge)     0.000     0.000 r  
    B19                                               0.000     0.000 r  clk_fx_p (IN)
                         net (fo=0)                   0.000     0.000    ps_i/Counter_Core_0/inst/clk_fx_p
    B19                  IBUFDS (Prop_ibufds_I_O)     0.366     0.366 r  ps_i/Counter_Core_0/inst/ibufds_fx/O
                         net (fo=1, routed)           1.652     2.018    ps_i/Counter_Core_0/inst/clk_fx_ibuf
    BUFGCTRL_X0Y1        BUFG (Prop_bufg_I_O)         0.027     2.045 r  ps_i/Counter_Core_0/inst/bufg_fx/O
                         net (fo=188, routed)         0.583     2.628    ps_i/Counter_Core_0/inst/counter_core_inst/u_eq_counter/clk_fx
    SLICE_X64Y45         FDRE                                         r  ps_i/Counter_Core_0/inst/counter_core_inst/u_eq_counter/test_cnt_reg[30]/C
  -------------------------------------------------------------------    -------------------
    SLICE_X64Y45         FDRE (Prop_fdre_C_Q)         0.141     2.769 r  ps_i/Counter_Core_0/inst/counter_core_inst/u_eq_counter/test_cnt_reg[30]/Q
                         net (fo=2, routed)           0.124     2.893    ps_i/Counter_Core_0/inst/counter_core_inst/u_eq_counter/test_cnt_reg[30]
    SLICE_X65Y45         FDRE                                         r  ps_i/Counter_Core_0/inst/counter_core_inst/u_eq_counter/test_result_reg[30]/D
  -------------------------------------------------------------------    -------------------

                         (clock clk_fx rise edge)     0.000     0.000 r  
    B19                                               0.000     0.000 r  clk_fx_p (IN)
                         net (fo=0)                   0.000     0.000    ps_i/Counter_Core_0/inst/clk_fx_p
    B19                  IBUFDS (Prop_ibufds_I_O)     0.401     0.401 r  ps_i/Counter_Core_0/inst/ibufds_fx/O
                         net (fo=1, routed)           1.945     2.346    ps_i/Counter_Core_0/inst/clk_fx_ibuf
    BUFGCTRL_X0Y1        BUFG (Prop_bufg_I_O)         0.030     2.376 r  ps_i/Counter_Core_0/inst/bufg_fx/O
                         net (fo=188, routed)         0.851     3.227    ps_i/Counter_Core_0/inst/counter_core_inst/u_eq_counter/clk_fx
    SLICE_X65Y45         FDRE                                         r  ps_i/Counter_Core_0/inst/counter_core_inst/u_eq_counter/test_result_reg[30]/C
                         clock pessimism             -0.586     2.641    
    SLICE_X65Y45         FDRE (Hold_fdre_C_D)         0.075     2.716    ps_i/Counter_Core_0/inst/counter_core_inst/u_eq_counter/test_result_reg[30]
  -------------------------------------------------------------------
                         required time                         -2.716    
                         arrival time                           2.893    
  -------------------------------------------------------------------
                         slack                                  0.177    

Slack (MET) :             0.181ns  (arrival time - required time)
  Source:                 ps_i/Counter_Core_0/inst/counter_core_inst/u_eq_counter/test_cnt_reg[17]/C
                            (rising edge-triggered cell FDRE clocked by clk_fx  {rise@0.000ns fall@1.429ns period=2.857ns})
  Destination:            ps_i/Counter_Core_0/inst/counter_core_inst/u_eq_counter/test_result_reg[17]/D
                            (rising edge-triggered cell FDRE clocked by clk_fx  {rise@0.000ns fall@1.429ns period=2.857ns})
  Path Group:             clk_fx
  Path Type:              Hold (Min at Fast Process Corner)
  Requirement:            0.000ns  (clk_fx rise@0.000ns - clk_fx rise@0.000ns)
  Data Path Delay:        0.263ns  (logic 0.141ns (53.641%)  route 0.122ns (46.359%))
  Logic Levels:           0  
  Clock Path Skew:        0.016ns (DCD - SCD - CPR)
    Destination Clock Delay (DCD):    3.226ns
    Source Clock Delay      (SCD):    2.627ns
    Clock Pessimism Removal (CPR):    0.583ns

    Location             Delay type                Incr(ns)  Path(ns)    Netlist Resource(s)
  -------------------------------------------------------------------    -------------------
                         (clock clk_fx rise edge)     0.000     0.000 r  
    B19                                               0.000     0.000 r  clk_fx_p (IN)
                         net (fo=0)                   0.000     0.000    ps_i/Counter_Core_0/inst/clk_fx_p
    B19                  IBUFDS (Prop_ibufds_I_O)     0.366     0.366 r  ps_i/Counter_Core_0/inst/ibufds_fx/O
                         net (fo=1, routed)           1.652     2.018    ps_i/Counter_Core_0/inst/clk_fx_ibuf
    BUFGCTRL_X0Y1        BUFG (Prop_bufg_I_O)         0.027     2.045 r  ps_i/Counter_Core_0/inst/bufg_fx/O
                         net (fo=188, routed)         0.582     2.627    ps_i/Counter_Core_0/inst/counter_core_inst/u_eq_counter/clk_fx
    SLICE_X64Y42         FDRE                                         r  ps_i/Counter_Core_0/inst/counter_core_inst/u_eq_counter/test_cnt_reg[17]/C
  -------------------------------------------------------------------    -------------------
    SLICE_X64Y42         FDRE (Prop_fdre_C_Q)         0.141     2.768 r  ps_i/Counter_Core_0/inst/counter_core_inst/u_eq_counter/test_cnt_reg[17]/Q
                         net (fo=2, routed)           0.122     2.890    ps_i/Counter_Core_0/inst/counter_core_inst/u_eq_counter/test_cnt_reg[17]
    SLICE_X65Y41         FDRE                                         r  ps_i/Counter_Core_0/inst/counter_core_inst/u_eq_counter/test_result_reg[17]/D
  -------------------------------------------------------------------    -------------------

                         (clock clk_fx rise edge)     0.000     0.000 r  
    B19                                               0.000     0.000 r  clk_fx_p (IN)
                         net (fo=0)                   0.000     0.000    ps_i/Counter_Core_0/inst/clk_fx_p
    B19                  IBUFDS (Prop_ibufds_I_O)     0.401     0.401 r  ps_i/Counter_Core_0/inst/ibufds_fx/O
                         net (fo=1, routed)           1.945     2.346    ps_i/Counter_Core_0/inst/clk_fx_ibuf
    BUFGCTRL_X0Y1        BUFG (Prop_bufg_I_O)         0.030     2.376 r  ps_i/Counter_Core_0/inst/bufg_fx/O
                         net (fo=188, routed)         0.850     3.226    ps_i/Counter_Core_0/inst/counter_core_inst/u_eq_counter/clk_fx
    SLICE_X65Y41         FDRE                                         r  ps_i/Counter_Core_0/inst/counter_core_inst/u_eq_counter/test_result_reg[17]/C
                         clock pessimism             -0.583     2.643    
    SLICE_X65Y41         FDRE (Hold_fdre_C_D)         0.066     2.709    ps_i/Counter_Core_0/inst/counter_core_inst/u_eq_counter/test_result_reg[17]
  -------------------------------------------------------------------
                         required time                         -2.709    
                         arrival time                           2.890    
  -------------------------------------------------------------------
                         slack                                  0.181    

Slack (MET) :             0.192ns  (arrival time - required time)
  Source:                 ps_i/Counter_Core_0/inst/counter_core_inst/u_eq_counter/test_cnt_reg[21]/C
                            (rising edge-triggered cell FDRE clocked by clk_fx  {rise@0.000ns fall@1.429ns period=2.857ns})
  Destination:            ps_i/Counter_Core_0/inst/counter_core_inst/u_eq_counter/test_result_reg[21]/D
                            (rising edge-triggered cell FDRE clocked by clk_fx  {rise@0.000ns fall@1.429ns period=2.857ns})
  Path Group:             clk_fx
  Path Type:              Hold (Min at Fast Process Corner)
  Requirement:            0.000ns  (clk_fx rise@0.000ns - clk_fx rise@0.000ns)
  Data Path Delay:        0.255ns  (logic 0.141ns (55.242%)  route 0.114ns (44.758%))
  Logic Levels:           0  
  Clock Path Skew:        0.016ns (DCD - SCD - CPR)
    Destination Clock Delay (DCD):    3.227ns
    Source Clock Delay      (SCD):    2.628ns
    Clock Pessimism Removal (CPR):    0.583ns

    Location             Delay type                Incr(ns)  Path(ns)    Netlist Resource(s)
  -------------------------------------------------------------------    -------------------
                         (clock clk_fx rise edge)     0.000     0.000 r  
    B19                                               0.000     0.000 r  clk_fx_p (IN)
                         net (fo=0)                   0.000     0.000    ps_i/Counter_Core_0/inst/clk_fx_p
    B19                  IBUFDS (Prop_ibufds_I_O)     0.366     0.366 r  ps_i/Counter_Core_0/inst/ibufds_fx/O
                         net (fo=1, routed)           1.652     2.018    ps_i/Counter_Core_0/inst/clk_fx_ibuf
    BUFGCTRL_X0Y1        BUFG (Prop_bufg_I_O)         0.027     2.045 r  ps_i/Counter_Core_0/inst/bufg_fx/O
                         net (fo=188, routed)         0.583     2.628    ps_i/Counter_Core_0/inst/counter_core_inst/u_eq_counter/clk_fx
    SLICE_X64Y43         FDRE                                         r  ps_i/Counter_Core_0/inst/counter_core_inst/u_eq_counter/test_cnt_reg[21]/C
  -------------------------------------------------------------------    -------------------
    SLICE_X64Y43         FDRE (Prop_fdre_C_Q)         0.141     2.769 r  ps_i/Counter_Core_0/inst/counter_core_inst/u_eq_counter/test_cnt_reg[21]/Q
                         net (fo=2, routed)           0.114     2.883    ps_i/Counter_Core_0/inst/counter_core_inst/u_eq_counter/test_cnt_reg[21]
    SLICE_X65Y44         FDRE                                         r  ps_i/Counter_Core_0/inst/counter_core_inst/u_eq_counter/test_result_reg[21]/D
  -------------------------------------------------------------------    -------------------

                         (clock clk_fx rise edge)     0.000     0.000 r  
    B19                                               0.000     0.000 r  clk_fx_p (IN)
                         net (fo=0)                   0.000     0.000    ps_i/Counter_Core_0/inst/clk_fx_p
    B19                  IBUFDS (Prop_ibufds_I_O)     0.401     0.401 r  ps_i/Counter_Core_0/inst/ibufds_fx/O
                         net (fo=1, routed)           1.945     2.346    ps_i/Counter_Core_0/inst/clk_fx_ibuf
    BUFGCTRL_X0Y1        BUFG (Prop_bufg_I_O)         0.030     2.376 r  ps_i/Counter_Core_0/inst/bufg_fx/O
                         net (fo=188, routed)         0.851     3.227    ps_i/Counter_Core_0/inst/counter_core_inst/u_eq_counter/clk_fx
    SLICE_X65Y44         FDRE                                         r  ps_i/Counter_Core_0/inst/counter_core_inst/u_eq_counter/test_result_reg[21]/C
                         clock pessimism             -0.583     2.644    
    SLICE_X65Y44         FDRE (Hold_fdre_C_D)         0.047     2.691    ps_i/Counter_Core_0/inst/counter_core_inst/u_eq_counter/test_result_reg[21]
  -------------------------------------------------------------------
                         required time                         -2.691    
                         arrival time                           2.883    
  -------------------------------------------------------------------
                         slack                                  0.192    

Slack (MET) :             0.196ns  (arrival time - required time)
  Source:                 ps_i/Counter_Core_0/inst/counter_core_inst/u_eq_counter/test_cnt_reg[22]/C
                            (rising edge-triggered cell FDRE clocked by clk_fx  {rise@0.000ns fall@1.429ns period=2.857ns})
  Destination:            ps_i/Counter_Core_0/inst/counter_core_inst/u_eq_counter/test_result_reg[22]/D
                            (rising edge-triggered cell FDRE clocked by clk_fx  {rise@0.000ns fall@1.429ns period=2.857ns})
  Path Group:             clk_fx
  Path Type:              Hold (Min at Fast Process Corner)
  Requirement:            0.000ns  (clk_fx rise@0.000ns - clk_fx rise@0.000ns)
  Data Path Delay:        0.259ns  (logic 0.141ns (54.527%)  route 0.118ns (45.473%))
  Logic Levels:           0  
  Clock Path Skew:        0.016ns (DCD - SCD - CPR)
    Destination Clock Delay (DCD):    3.227ns
    Source Clock Delay      (SCD):    2.628ns
    Clock Pessimism Removal (CPR):    0.583ns

    Location             Delay type                Incr(ns)  Path(ns)    Netlist Resource(s)
  -------------------------------------------------------------------    -------------------
                         (clock clk_fx rise edge)     0.000     0.000 r  
    B19                                               0.000     0.000 r  clk_fx_p (IN)
                         net (fo=0)                   0.000     0.000    ps_i/Counter_Core_0/inst/clk_fx_p
    B19                  IBUFDS (Prop_ibufds_I_O)     0.366     0.366 r  ps_i/Counter_Core_0/inst/ibufds_fx/O
                         net (fo=1, routed)           1.652     2.018    ps_i/Counter_Core_0/inst/clk_fx_ibuf
    BUFGCTRL_X0Y1        BUFG (Prop_bufg_I_O)         0.027     2.045 r  ps_i/Counter_Core_0/inst/bufg_fx/O
                         net (fo=188, routed)         0.583     2.628    ps_i/Counter_Core_0/inst/counter_core_inst/u_eq_counter/clk_fx
    SLICE_X64Y43         FDRE                                         r  ps_i/Counter_Core_0/inst/counter_core_inst/u_eq_counter/test_cnt_reg[22]/C
  -------------------------------------------------------------------    -------------------
    SLICE_X64Y43         FDRE (Prop_fdre_C_Q)         0.141     2.769 r  ps_i/Counter_Core_0/inst/counter_core_inst/u_eq_counter/test_cnt_reg[22]/Q
                         net (fo=2, routed)           0.118     2.886    ps_i/Counter_Core_0/inst/counter_core_inst/u_eq_counter/test_cnt_reg[22]
    SLICE_X65Y44         FDRE                                         r  ps_i/Counter_Core_0/inst/counter_core_inst/u_eq_counter/test_result_reg[22]/D
  -------------------------------------------------------------------    -------------------

                         (clock clk_fx rise edge)     0.000     0.000 r  
    B19                                               0.000     0.000 r  clk_fx_p (IN)
                         net (fo=0)                   0.000     0.000    ps_i/Counter_Core_0/inst/clk_fx_p
    B19                  IBUFDS (Prop_ibufds_I_O)     0.401     0.401 r  ps_i/Counter_Core_0/inst/ibufds_fx/O
                         net (fo=1, routed)           1.945     2.346    ps_i/Counter_Core_0/inst/clk_fx_ibuf
    BUFGCTRL_X0Y1        BUFG (Prop_bufg_I_O)         0.030     2.376 r  ps_i/Counter_Core_0/inst/bufg_fx/O
                         net (fo=188, routed)         0.851     3.227    ps_i/Counter_Core_0/inst/counter_core_inst/u_eq_counter/clk_fx
    SLICE_X65Y44         FDRE                                         r  ps_i/Counter_Core_0/inst/counter_core_inst/u_eq_counter/test_result_reg[22]/C
                         clock pessimism             -0.583     2.644    
    SLICE_X65Y44         FDRE (Hold_fdre_C_D)         0.047     2.691    ps_i/Counter_Core_0/inst/counter_core_inst/u_eq_counter/test_result_reg[22]
  -------------------------------------------------------------------
                         required time                         -2.691    
                         arrival time                           2.886    
  -------------------------------------------------------------------
                         slack                                  0.196    

Slack (MET) :             0.199ns  (arrival time - required time)
  Source:                 ps_i/Counter_Core_0/inst/counter_core_inst/u_eq_counter/test_cnt_reg[0]/C
                            (rising edge-triggered cell FDRE clocked by clk_fx  {rise@0.000ns fall@1.429ns period=2.857ns})
  Destination:            ps_i/Counter_Core_0/inst/counter_core_inst/u_eq_counter/test_result_reg[0]/D
                            (rising edge-triggered cell FDRE clocked by clk_fx  {rise@0.000ns fall@1.429ns period=2.857ns})
  Path Group:             clk_fx
  Path Type:              Hold (Min at Fast Process Corner)
  Requirement:            0.000ns  (clk_fx rise@0.000ns - clk_fx rise@0.000ns)
  Data Path Delay:        0.258ns  (logic 0.141ns (54.555%)  route 0.117ns (45.445%))
  Logic Levels:           0  
  Clock Path Skew:        0.013ns (DCD - SCD - CPR)
    Destination Clock Delay (DCD):    3.225ns
    Source Clock Delay      (SCD):    2.626ns
    Clock Pessimism Removal (CPR):    0.586ns

    Location             Delay type                Incr(ns)  Path(ns)    Netlist Resource(s)
  -------------------------------------------------------------------    -------------------
                         (clock clk_fx rise edge)     0.000     0.000 r  
    B19                                               0.000     0.000 r  clk_fx_p (IN)
                         net (fo=0)                   0.000     0.000    ps_i/Counter_Core_0/inst/clk_fx_p
    B19                  IBUFDS (Prop_ibufds_I_O)     0.366     0.366 r  ps_i/Counter_Core_0/inst/ibufds_fx/O
                         net (fo=1, routed)           1.652     2.018    ps_i/Counter_Core_0/inst/clk_fx_ibuf
    BUFGCTRL_X0Y1        BUFG (Prop_bufg_I_O)         0.027     2.045 r  ps_i/Counter_Core_0/inst/bufg_fx/O
                         net (fo=188, routed)         0.581     2.626    ps_i/Counter_Core_0/inst/counter_core_inst/u_eq_counter/clk_fx
    SLICE_X64Y38         FDRE                                         r  ps_i/Counter_Core_0/inst/counter_core_inst/u_eq_counter/test_cnt_reg[0]/C
  -------------------------------------------------------------------    -------------------
    SLICE_X64Y38         FDRE (Prop_fdre_C_Q)         0.141     2.767 r  ps_i/Counter_Core_0/inst/counter_core_inst/u_eq_counter/test_cnt_reg[0]/Q
                         net (fo=2, routed)           0.117     2.884    ps_i/Counter_Core_0/inst/counter_core_inst/u_eq_counter/test_cnt_reg[0]
    SLICE_X65Y38         FDRE                                         r  ps_i/Counter_Core_0/inst/counter_core_inst/u_eq_counter/test_result_reg[0]/D
  -------------------------------------------------------------------    -------------------

                         (clock clk_fx rise edge)     0.000     0.000 r  
    B19                                               0.000     0.000 r  clk_fx_p (IN)
                         net (fo=0)                   0.000     0.000    ps_i/Counter_Core_0/inst/clk_fx_p
    B19                  IBUFDS (Prop_ibufds_I_O)     0.401     0.401 r  ps_i/Counter_Core_0/inst/ibufds_fx/O
                         net (fo=1, routed)           1.945     2.346    ps_i/Counter_Core_0/inst/clk_fx_ibuf
    BUFGCTRL_X0Y1        BUFG (Prop_bufg_I_O)         0.030     2.376 r  ps_i/Counter_Core_0/inst/bufg_fx/O
                         net (fo=188, routed)         0.849     3.225    ps_i/Counter_Core_0/inst/counter_core_inst/u_eq_counter/clk_fx
    SLICE_X65Y38         FDRE                                         r  ps_i/Counter_Core_0/inst/counter_core_inst/u_eq_counter/test_result_reg[0]/C
                         clock pessimism             -0.586     2.639    
    SLICE_X65Y38         FDRE (Hold_fdre_C_D)         0.046     2.685    ps_i/Counter_Core_0/inst/counter_core_inst/u_eq_counter/test_result_reg[0]
  -------------------------------------------------------------------
                         required time                         -2.685    
                         arrival time                           2.884    
  -------------------------------------------------------------------
                         slack                                  0.199    

Slack (MET) :             0.206ns  (arrival time - required time)
  Source:                 ps_i/Counter_Core_0/inst/counter_core_inst/u_eq_counter/u_tdc_test/tap_reg_reg[58]/C
                            (rising edge-triggered cell FDRE clocked by clk_fx  {rise@0.000ns fall@1.429ns period=2.857ns})
  Destination:            ps_i/Counter_Core_0/inst/counter_core_inst/u_eq_counter/u_tdc_test/grp_sum_reg[7][0]/D
                            (rising edge-triggered cell FDRE clocked by clk_fx  {rise@0.000ns fall@1.429ns period=2.857ns})
  Path Group:             clk_fx
  Path Type:              Hold (Min at Fast Process Corner)
  Requirement:            0.000ns  (clk_fx rise@0.000ns - clk_fx rise@0.000ns)
  Data Path Delay:        0.334ns  (logic 0.186ns (55.702%)  route 0.148ns (44.298%))
  Logic Levels:           1  (LUT6=1)
  Clock Path Skew:        0.036ns (DCD - SCD - CPR)
    Destination Clock Delay (DCD):    3.227ns
    Source Clock Delay      (SCD):    2.627ns
    Clock Pessimism Removal (CPR):    0.564ns

    Location             Delay type                Incr(ns)  Path(ns)    Netlist Resource(s)
  -------------------------------------------------------------------    -------------------
                         (clock clk_fx rise edge)     0.000     0.000 r  
    B19                                               0.000     0.000 r  clk_fx_p (IN)
                         net (fo=0)                   0.000     0.000    ps_i/Counter_Core_0/inst/clk_fx_p
    B19                  IBUFDS (Prop_ibufds_I_O)     0.366     0.366 r  ps_i/Counter_Core_0/inst/ibufds_fx/O
                         net (fo=1, routed)           1.652     2.018    ps_i/Counter_Core_0/inst/clk_fx_ibuf
    BUFGCTRL_X0Y1        BUFG (Prop_bufg_I_O)         0.027     2.045 r  ps_i/Counter_Core_0/inst/bufg_fx/O
                         net (fo=188, routed)         0.582     2.627    ps_i/Counter_Core_0/inst/counter_core_inst/u_eq_counter/u_tdc_test/clk_fx
    SLICE_X67Y41         FDRE                                         r  ps_i/Counter_Core_0/inst/counter_core_inst/u_eq_counter/u_tdc_test/tap_reg_reg[58]/C
  -------------------------------------------------------------------    -------------------
    SLICE_X67Y41         FDRE (Prop_fdre_C_Q)         0.141     2.768 r  ps_i/Counter_Core_0/inst/counter_core_inst/u_eq_counter/u_tdc_test/tap_reg_reg[58]/Q
                         net (fo=5, routed)           0.148     2.916    ps_i/Counter_Core_0/inst/counter_core_inst/u_eq_counter/u_tdc_test/tap_reg[58]
    SLICE_X68Y42         LUT6 (Prop_lut6_I3_O)        0.045     2.961 r  ps_i/Counter_Core_0/inst/counter_core_inst/u_eq_counter/u_tdc_test/grp_sum[7][0]_i_1/O
                         net (fo=1, routed)           0.000     2.961    ps_i/Counter_Core_0/inst/counter_core_inst/u_eq_counter/u_tdc_test/grp_sum[7][0]_i_1_n_0
    SLICE_X68Y42         FDRE                                         r  ps_i/Counter_Core_0/inst/counter_core_inst/u_eq_counter/u_tdc_test/grp_sum_reg[7][0]/D
  -------------------------------------------------------------------    -------------------

                         (clock clk_fx rise edge)     0.000     0.000 r  
    B19                                               0.000     0.000 r  clk_fx_p (IN)
                         net (fo=0)                   0.000     0.000    ps_i/Counter_Core_0/inst/clk_fx_p
    B19                  IBUFDS (Prop_ibufds_I_O)     0.401     0.401 r  ps_i/Counter_Core_0/inst/ibufds_fx/O
                         net (fo=1, routed)           1.945     2.346    ps_i/Counter_Core_0/inst/clk_fx_ibuf
    BUFGCTRL_X0Y1        BUFG (Prop_bufg_I_O)         0.030     2.376 r  ps_i/Counter_Core_0/inst/bufg_fx/O
                         net (fo=188, routed)         0.851     3.227    ps_i/Counter_Core_0/inst/counter_core_inst/u_eq_counter/u_tdc_test/clk_fx
    SLICE_X68Y42         FDRE                                         r  ps_i/Counter_Core_0/inst/counter_core_inst/u_eq_counter/u_tdc_test/grp_sum_reg[7][0]/C
                         clock pessimism             -0.564     2.663    
    SLICE_X68Y42         FDRE (Hold_fdre_C_D)         0.092     2.755    ps_i/Counter_Core_0/inst/counter_core_inst/u_eq_counter/u_tdc_test/grp_sum_reg[7][0]
  -------------------------------------------------------------------
                         required time                         -2.755    
                         arrival time                           2.961    
  -------------------------------------------------------------------
                         slack                                  0.206    





Pulse Width Checks
--------------------------------------------------------------------------------------
Clock Name:         clk_fx
Waveform(ns):       { 0.000 1.429 }
Period(ns):         2.857
Sources:            { clk_fx_p }

Check Type        Corner  Lib Pin  Reference Pin  Required(ns)  Actual(ns)  Slack(ns)  Location       Pin
Min Period        n/a     BUFG/I   n/a            1.592         2.857       1.265      BUFGCTRL_X0Y1  ps_i/Counter_Core_0/inst/bufg_fx/I
Min Period        n/a     FDRE/C   n/a            1.000         2.857       1.857      SLICE_X67Y38   ps_i/Counter_Core_0/inst/counter_core_inst/u_eq_counter/gate_fx_d_reg/C
Min Period        n/a     FDRE/C   n/a            1.000         2.857       1.857      SLICE_X66Y38   ps_i/Counter_Core_0/inst/counter_core_inst/u_eq_counter/tdc_fall_fx_reg[0]/C
Min Period        n/a     FDRE/C   n/a            1.000         2.857       1.857      SLICE_X71Y40   ps_i/Counter_Core_0/inst/counter_core_inst/u_eq_counter/tdc_fall_fx_reg[1]/C
Min Period        n/a     FDRE/C   n/a            1.000         2.857       1.857      SLICE_X70Y40   ps_i/Counter_Core_0/inst/counter_core_inst/u_eq_counter/tdc_fall_fx_reg[2]/C
Min Period        n/a     FDRE/C   n/a            1.000         2.857       1.857      SLICE_X66Y38   ps_i/Counter_Core_0/inst/counter_core_inst/u_eq_counter/tdc_fall_fx_reg[3]/C
Min Period        n/a     FDRE/C   n/a            1.000         2.857       1.857      SLICE_X70Y40   ps_i/Counter_Core_0/inst/counter_core_inst/u_eq_counter/tdc_fall_fx_reg[4]/C
Min Period        n/a     FDRE/C   n/a            1.000         2.857       1.857      SLICE_X68Y39   ps_i/Counter_Core_0/inst/counter_core_inst/u_eq_counter/tdc_fall_fx_reg[5]/C
Min Period        n/a     FDRE/C   n/a            1.000         2.857       1.857      SLICE_X66Y37   ps_i/Counter_Core_0/inst/counter_core_inst/u_eq_counter/tdc_rise_fx_reg[0]/C
Min Period        n/a     FDRE/C   n/a            1.000         2.857       1.857      SLICE_X69Y37   ps_i/Counter_Core_0/inst/counter_core_inst/u_eq_counter/tdc_rise_fx_reg[1]/C
Low Pulse Width   Fast    FDRE/C   n/a            0.500         1.428       0.928      SLICE_X67Y38   ps_i/Counter_Core_0/inst/counter_core_inst/u_eq_counter/gate_fx_d_reg/C
Low Pulse Width   Fast    FDRE/C   n/a            0.500         1.428       0.928      SLICE_X66Y38   ps_i/Counter_Core_0/inst/counter_core_inst/u_eq_counter/tdc_fall_fx_reg[0]/C
Low Pulse Width   Fast    FDRE/C   n/a            0.500         1.428       0.928      SLICE_X66Y38   ps_i/Counter_Core_0/inst/counter_core_inst/u_eq_counter/tdc_fall_fx_reg[3]/C
Low Pulse Width   Fast    FDRE/C   n/a            0.500         1.428       0.928      SLICE_X66Y37   ps_i/Counter_Core_0/inst/counter_core_inst/u_eq_counter/tdc_rise_fx_reg[0]/C
Low Pulse Width   Fast    FDRE/C   n/a            0.500         1.428       0.928      SLICE_X66Y37   ps_i/Counter_Core_0/inst/counter_core_inst/u_eq_counter/tdc_rise_fx_reg[3]/C
Low Pulse Width   Fast    FDRE/C   n/a            0.500         1.428       0.928      SLICE_X66Y37   ps_i/Counter_Core_0/inst/counter_core_inst/u_eq_counter/tdc_rise_fx_reg[5]/C
Low Pulse Width   Fast    FDRE/C   n/a            0.500         1.428       0.928      SLICE_X64Y38   ps_i/Counter_Core_0/inst/counter_core_inst/u_eq_counter/test_cnt_reg[0]/C
Low Pulse Width   Fast    FDRE/C   n/a            0.500         1.428       0.928      SLICE_X64Y40   ps_i/Counter_Core_0/inst/counter_core_inst/u_eq_counter/test_cnt_reg[10]/C
Low Pulse Width   Fast    FDRE/C   n/a            0.500         1.428       0.928      SLICE_X64Y40   ps_i/Counter_Core_0/inst/counter_core_inst/u_eq_counter/test_cnt_reg[11]/C
Low Pulse Width   Fast    FDRE/C   n/a            0.500         1.428       0.928      SLICE_X64Y41   ps_i/Counter_Core_0/inst/counter_core_inst/u_eq_counter/test_cnt_reg[12]/C
High Pulse Width  Slow    FDRE/C   n/a            0.500         1.429       0.928      SLICE_X67Y38   ps_i/Counter_Core_0/inst/counter_core_inst/u_eq_counter/gate_fx_d_reg/C
High Pulse Width  Slow    FDRE/C   n/a            0.500         1.429       0.928      SLICE_X66Y38   ps_i/Counter_Core_0/inst/counter_core_inst/u_eq_counter/tdc_fall_fx_reg[0]/C
High Pulse Width  Slow    FDRE/C   n/a            0.500         1.429       0.928      SLICE_X71Y40   ps_i/Counter_Core_0/inst/counter_core_inst/u_eq_counter/tdc_fall_fx_reg[1]/C
High Pulse Width  Slow    FDRE/C   n/a            0.500         1.429       0.928      SLICE_X70Y40   ps_i/Counter_Core_0/inst/counter_core_inst/u_eq_counter/tdc_fall_fx_reg[2]/C
High Pulse Width  Slow    FDRE/C   n/a            0.500         1.429       0.928      SLICE_X66Y38   ps_i/Counter_Core_0/inst/counter_core_inst/u_eq_counter/tdc_fall_fx_reg[3]/C
High Pulse Width  Slow    FDRE/C   n/a            0.500         1.429       0.928      SLICE_X70Y40   ps_i/Counter_Core_0/inst/counter_core_inst/u_eq_counter/tdc_fall_fx_reg[4]/C
High Pulse Width  Slow    FDRE/C   n/a            0.500         1.429       0.928      SLICE_X68Y39   ps_i/Counter_Core_0/inst/counter_core_inst/u_eq_counter/tdc_fall_fx_reg[5]/C
High Pulse Width  Slow    FDRE/C   n/a            0.500         1.429       0.928      SLICE_X66Y37   ps_i/Counter_Core_0/inst/counter_core_inst/u_eq_counter/tdc_rise_fx_reg[0]/C
High Pulse Width  Slow    FDRE/C   n/a            0.500         1.429       0.928      SLICE_X69Y37   ps_i/Counter_Core_0/inst/counter_core_inst/u_eq_counter/tdc_rise_fx_reg[1]/C
High Pulse Width  Slow    FDRE/C   n/a            0.500         1.429       0.928      SLICE_X69Y37   ps_i/Counter_Core_0/inst/counter_core_inst/u_eq_counter/tdc_rise_fx_reg[2]/C



---------------------------------------------------------------------------------------------------
Path Group:  **async_default**
From Clock:  clk_fpga_0
  To Clock:  clk_fpga_0

Setup :            0  Failing Endpoints,  Worst Slack        5.102ns,  Total Violation        0.000ns
Hold  :            0  Failing Endpoints,  Worst Slack        0.556ns,  Total Violation        0.000ns
---------------------------------------------------------------------------------------------------


Max Delay Paths
--------------------------------------------------------------------------------------
Slack (MET) :             5.102ns  (required time - arrival time)
  Source:                 ps_i/rst_ps7_0_100M/U0/ACTIVE_LOW_PR_OUT_DFF[0].FDRE_PER_N/C
                            (rising edge-triggered cell FDRE clocked by clk_fpga_0  {rise@0.000ns fall@5.000ns period=10.000ns})
  Destination:            ps_i/Counter_Core_0/inst/counter_core_inst/u_rst_ax/sync_reg[1]/CLR
                            (recovery check against rising-edge clock clk_fpga_0  {rise@0.000ns fall@5.000ns period=10.000ns})
  Path Group:             **async_default**
  Path Type:              Recovery (Max at Slow Process Corner)
  Requirement:            10.000ns  (clk_fpga_0 rise@10.000ns - clk_fpga_0 rise@0.000ns)
  Data Path Delay:        4.201ns  (logic 0.541ns (12.878%)  route 3.660ns (87.122%))
  Logic Levels:           1  (LUT2=1)
  Clock Path Skew:        -0.089ns (DCD - SCD + CPR)
    Destination Clock Delay (DCD):    2.283ns = ( 12.283 - 10.000 ) 
    Source Clock Delay      (SCD):    2.469ns
    Clock Pessimism Removal (CPR):    0.097ns
  Clock Uncertainty:      0.154ns  ((TSJ^2 + TIJ^2)^1/2 + DJ) / 2 + PE
    Total System Jitter     (TSJ):    0.071ns
    Total Input Jitter      (TIJ):    0.300ns
    Discrete Jitter          (DJ):    0.000ns
    Phase Error              (PE):    0.000ns

    Location             Delay type                Incr(ns)  Path(ns)    Netlist Resource(s)
  -------------------------------------------------------------------    -------------------
                         (clock clk_fpga_0 rise edge)
                                                      0.000     0.000 r  
    PS7_X0Y0             PS7                          0.000     0.000 r  ps_i/processing_system7_0/inst/PS7_i/FCLKCLK[0]
                         net (fo=1, routed)           0.994     0.994    ps_i/processing_system7_0/inst/FCLK_CLK_unbuffered[0]
    BUFGCTRL_X0Y16       BUFG (Prop_bufg_I_O)         0.085     1.079 r  ps_i/processing_system7_0/inst/buffer_fclk_clk_0.FCLK_CLK_0_BUFG/O
                         net (fo=7752, routed)        1.390     2.469    ps_i/rst_ps7_0_100M/U0/slowest_sync_clk
    SLICE_X42Y97         FDRE                                         r  ps_i/rst_ps7_0_100M/U0/ACTIVE_LOW_PR_OUT_DFF[0].FDRE_PER_N/C
  -------------------------------------------------------------------    -------------------
    SLICE_X42Y97         FDRE (Prop_fdre_C_Q)         0.433     2.902 r  ps_i/rst_ps7_0_100M/U0/ACTIVE_LOW_PR_OUT_DFF[0].FDRE_PER_N/Q
                         net (fo=12, routed)          2.907     5.809    ps_i/Counter_Core_0/inst/Counter_Core_v1_0_S_AXI_inst/s_axi_aresetn
    SLICE_X48Y34         LUT2 (Prop_lut2_I1_O)        0.108     5.917 f  ps_i/Counter_Core_0/inst/Counter_Core_v1_0_S_AXI_inst/sync[2]_i_1__0/O
                         net (fo=9, routed)           0.753     6.670    ps_i/Counter_Core_0/inst/counter_core_inst/u_rst_ax/sync_reg[1]_0
    SLICE_X62Y36         FDCE                                         f  ps_i/Counter_Core_0/inst/counter_core_inst/u_rst_ax/sync_reg[1]/CLR
  -------------------------------------------------------------------    -------------------

                         (clock clk_fpga_0 rise edge)
                                                     10.000    10.000 r  
    PS7_X0Y0             PS7                          0.000    10.000 r  ps_i/processing_system7_0/inst/PS7_i/FCLKCLK[0]
                         net (fo=1, routed)           0.905    10.906    ps_i/processing_system7_0/inst/FCLK_CLK_unbuffered[0]
    BUFGCTRL_X0Y16       BUFG (Prop_bufg_I_O)         0.077    10.983 r  ps_i/processing_system7_0/inst/buffer_fclk_clk_0.FCLK_CLK_0_BUFG/O
                         net (fo=7752, routed)        1.301    12.283    ps_i/Counter_Core_0/inst/counter_core_inst/u_rst_ax/s_axi_aclk
    SLICE_X62Y36         FDCE                                         r  ps_i/Counter_Core_0/inst/counter_core_inst/u_rst_ax/sync_reg[1]/C
                         clock pessimism              0.097    12.380    
                         clock uncertainty           -0.154    12.226    
    SLICE_X62Y36         FDCE (Recov_fdce_C_CLR)     -0.454    11.772    ps_i/Counter_Core_0/inst/counter_core_inst/u_rst_ax/sync_reg[1]
  -------------------------------------------------------------------
                         required time                         11.772    
                         arrival time                          -6.670    
  -------------------------------------------------------------------
                         slack                                  5.102    

Slack (MET) :             5.102ns  (required time - arrival time)
  Source:                 ps_i/rst_ps7_0_100M/U0/ACTIVE_LOW_PR_OUT_DFF[0].FDRE_PER_N/C
                            (rising edge-triggered cell FDRE clocked by clk_fpga_0  {rise@0.000ns fall@5.000ns period=10.000ns})
  Destination:            ps_i/Counter_Core_0/inst/counter_core_inst/u_rst_ax/sync_reg[2]/CLR
                            (recovery check against rising-edge clock clk_fpga_0  {rise@0.000ns fall@5.000ns period=10.000ns})
  Path Group:             **async_default**
  Path Type:              Recovery (Max at Slow Process Corner)
  Requirement:            10.000ns  (clk_fpga_0 rise@10.000ns - clk_fpga_0 rise@0.000ns)
  Data Path Delay:        4.201ns  (logic 0.541ns (12.878%)  route 3.660ns (87.122%))
  Logic Levels:           1  (LUT2=1)
  Clock Path Skew:        -0.089ns (DCD - SCD + CPR)
    Destination Clock Delay (DCD):    2.283ns = ( 12.283 - 10.000 ) 
    Source Clock Delay      (SCD):    2.469ns
    Clock Pessimism Removal (CPR):    0.097ns
  Clock Uncertainty:      0.154ns  ((TSJ^2 + TIJ^2)^1/2 + DJ) / 2 + PE
    Total System Jitter     (TSJ):    0.071ns
    Total Input Jitter      (TIJ):    0.300ns
    Discrete Jitter          (DJ):    0.000ns
    Phase Error              (PE):    0.000ns

    Location             Delay type                Incr(ns)  Path(ns)    Netlist Resource(s)
  -------------------------------------------------------------------    -------------------
                         (clock clk_fpga_0 rise edge)
                                                      0.000     0.000 r  
    PS7_X0Y0             PS7                          0.000     0.000 r  ps_i/processing_system7_0/inst/PS7_i/FCLKCLK[0]
                         net (fo=1, routed)           0.994     0.994    ps_i/processing_system7_0/inst/FCLK_CLK_unbuffered[0]
    BUFGCTRL_X0Y16       BUFG (Prop_bufg_I_O)         0.085     1.079 r  ps_i/processing_system7_0/inst/buffer_fclk_clk_0.FCLK_CLK_0_BUFG/O
                         net (fo=7752, routed)        1.390     2.469    ps_i/rst_ps7_0_100M/U0/slowest_sync_clk
    SLICE_X42Y97         FDRE                                         r  ps_i/rst_ps7_0_100M/U0/ACTIVE_LOW_PR_OUT_DFF[0].FDRE_PER_N/C
  -------------------------------------------------------------------    -------------------
    SLICE_X42Y97         FDRE (Prop_fdre_C_Q)         0.433     2.902 r  ps_i/rst_ps7_0_100M/U0/ACTIVE_LOW_PR_OUT_DFF[0].FDRE_PER_N/Q
                         net (fo=12, routed)          2.907     5.809    ps_i/Counter_Core_0/inst/Counter_Core_v1_0_S_AXI_inst/s_axi_aresetn
    SLICE_X48Y34         LUT2 (Prop_lut2_I1_O)        0.108     5.917 f  ps_i/Counter_Core_0/inst/Counter_Core_v1_0_S_AXI_inst/sync[2]_i_1__0/O
                         net (fo=9, routed)           0.753     6.670    ps_i/Counter_Core_0/inst/counter_core_inst/u_rst_ax/sync_reg[1]_0
    SLICE_X62Y36         FDCE                                         f  ps_i/Counter_Core_0/inst/counter_core_inst/u_rst_ax/sync_reg[2]/CLR
  -------------------------------------------------------------------    -------------------

                         (clock clk_fpga_0 rise edge)
                                                     10.000    10.000 r  
    PS7_X0Y0             PS7                          0.000    10.000 r  ps_i/processing_system7_0/inst/PS7_i/FCLKCLK[0]
                         net (fo=1, routed)           0.905    10.906    ps_i/processing_system7_0/inst/FCLK_CLK_unbuffered[0]
    BUFGCTRL_X0Y16       BUFG (Prop_bufg_I_O)         0.077    10.983 r  ps_i/processing_system7_0/inst/buffer_fclk_clk_0.FCLK_CLK_0_BUFG/O
                         net (fo=7752, routed)        1.301    12.283    ps_i/Counter_Core_0/inst/counter_core_inst/u_rst_ax/s_axi_aclk
    SLICE_X62Y36         FDCE                                         r  ps_i/Counter_Core_0/inst/counter_core_inst/u_rst_ax/sync_reg[2]/C
                         clock pessimism              0.097    12.380    
                         clock uncertainty           -0.154    12.226    
    SLICE_X62Y36         FDCE (Recov_fdce_C_CLR)     -0.454    11.772    ps_i/Counter_Core_0/inst/counter_core_inst/u_rst_ax/sync_reg[2]
  -------------------------------------------------------------------
                         required time                         11.772    
                         arrival time                          -6.670    
  -------------------------------------------------------------------
                         slack                                  5.102    

Slack (MET) :             5.136ns  (required time - arrival time)
  Source:                 ps_i/rst_ps7_0_100M/U0/ACTIVE_LOW_PR_OUT_DFF[0].FDRE_PER_N/C
                            (rising edge-triggered cell FDRE clocked by clk_fpga_0  {rise@0.000ns fall@5.000ns period=10.000ns})
  Destination:            ps_i/Counter_Core_0/inst/counter_core_inst/u_rst_ax/sync_reg[0]/CLR
                            (recovery check against rising-edge clock clk_fpga_0  {rise@0.000ns fall@5.000ns period=10.000ns})
  Path Group:             **async_default**
  Path Type:              Recovery (Max at Slow Process Corner)
  Requirement:            10.000ns  (clk_fpga_0 rise@10.000ns - clk_fpga_0 rise@0.000ns)
  Data Path Delay:        4.201ns  (logic 0.541ns (12.878%)  route 3.660ns (87.122%))
  Logic Levels:           1  (LUT2=1)
  Clock Path Skew:        -0.089ns (DCD - SCD + CPR)
    Destination Clock Delay (DCD):    2.283ns = ( 12.283 - 10.000 ) 
    Source Clock Delay      (SCD):    2.469ns
    Clock Pessimism Removal (CPR):    0.097ns
  Clock Uncertainty:      0.154ns  ((TSJ^2 + TIJ^2)^1/2 + DJ) / 2 + PE
    Total System Jitter     (TSJ):    0.071ns
    Total Input Jitter      (TIJ):    0.300ns
    Discrete Jitter          (DJ):    0.000ns
    Phase Error              (PE):    0.000ns

    Location             Delay type                Incr(ns)  Path(ns)    Netlist Resource(s)
  -------------------------------------------------------------------    -------------------
                         (clock clk_fpga_0 rise edge)
                                                      0.000     0.000 r  
    PS7_X0Y0             PS7                          0.000     0.000 r  ps_i/processing_system7_0/inst/PS7_i/FCLKCLK[0]
                         net (fo=1, routed)           0.994     0.994    ps_i/processing_system7_0/inst/FCLK_CLK_unbuffered[0]
    BUFGCTRL_X0Y16       BUFG (Prop_bufg_I_O)         0.085     1.079 r  ps_i/processing_system7_0/inst/buffer_fclk_clk_0.FCLK_CLK_0_BUFG/O
                         net (fo=7752, routed)        1.390     2.469    ps_i/rst_ps7_0_100M/U0/slowest_sync_clk
    SLICE_X42Y97         FDRE                                         r  ps_i/rst_ps7_0_100M/U0/ACTIVE_LOW_PR_OUT_DFF[0].FDRE_PER_N/C
  -------------------------------------------------------------------    -------------------
    SLICE_X42Y97         FDRE (Prop_fdre_C_Q)         0.433     2.902 r  ps_i/rst_ps7_0_100M/U0/ACTIVE_LOW_PR_OUT_DFF[0].FDRE_PER_N/Q
                         net (fo=12, routed)          2.907     5.809    ps_i/Counter_Core_0/inst/Counter_Core_v1_0_S_AXI_inst/s_axi_aresetn
    SLICE_X48Y34         LUT2 (Prop_lut2_I1_O)        0.108     5.917 f  ps_i/Counter_Core_0/inst/Counter_Core_v1_0_S_AXI_inst/sync[2]_i_1__0/O
                         net (fo=9, routed)           0.753     6.670    ps_i/Counter_Core_0/inst/counter_core_inst/u_rst_ax/sync_reg[1]_0
    SLICE_X62Y36         FDCE                                         f  ps_i/Counter_Core_0/inst/counter_core_inst/u_rst_ax/sync_reg[0]/CLR
  -------------------------------------------------------------------    -------------------

                         (clock clk_fpga_0 rise edge)
                                                     10.000    10.000 r  
    PS7_X0Y0             PS7                          0.000    10.000 r  ps_i/processing_system7_0/inst/PS7_i/FCLKCLK[0]
                         net (fo=1, routed)           0.905    10.906    ps_i/processing_system7_0/inst/FCLK_CLK_unbuffered[0]
    BUFGCTRL_X0Y16       BUFG (Prop_bufg_I_O)         0.077    10.983 r  ps_i/processing_system7_0/inst/buffer_fclk_clk_0.FCLK_CLK_0_BUFG/O
                         net (fo=7752, routed)        1.301    12.283    ps_i/Counter_Core_0/inst/counter_core_inst/u_rst_ax/s_axi_aclk
    SLICE_X62Y36         FDCE                                         r  ps_i/Counter_Core_0/inst/counter_core_inst/u_rst_ax/sync_reg[0]/C
                         clock pessimism              0.097    12.380    
                         clock uncertainty           -0.154    12.226    
    SLICE_X62Y36         FDCE (Recov_fdce_C_CLR)     -0.420    11.806    ps_i/Counter_Core_0/inst/counter_core_inst/u_rst_ax/sync_reg[0]
  -------------------------------------------------------------------
                         required time                         11.806    
                         arrival time                          -6.670    
  -------------------------------------------------------------------
                         slack                                  5.136    

Slack (MET) :             5.536ns  (required time - arrival time)
  Source:                 ps_i/rst_ps7_0_100M/U0/ACTIVE_LOW_PR_OUT_DFF[0].FDRE_PER_N/C
                            (rising edge-triggered cell FDRE clocked by clk_fpga_0  {rise@0.000ns fall@5.000ns period=10.000ns})
  Destination:            ps_i/Counter_Core_0/inst/counter_core_inst/u_ts_rst_ax/sync_reg[0]/CLR
                            (recovery check against rising-edge clock clk_fpga_0  {rise@0.000ns fall@5.000ns period=10.000ns})
  Path Group:             **async_default**
  Path Type:              Recovery (Max at Slow Process Corner)
  Requirement:            10.000ns  (clk_fpga_0 rise@10.000ns - clk_fpga_0 rise@0.000ns)
  Data Path Delay:        3.834ns  (logic 0.538ns (14.034%)  route 3.296ns (85.966%))
  Logic Levels:           1  (LUT3=1)
  Clock Path Skew:        -0.145ns (DCD - SCD + CPR)
    Destination Clock Delay (DCD):    2.227ns = ( 12.227 - 10.000 ) 
    Source Clock Delay      (SCD):    2.469ns
    Clock Pessimism Removal (CPR):    0.097ns
  Clock Uncertainty:      0.154ns  ((TSJ^2 + TIJ^2)^1/2 + DJ) / 2 + PE
    Total System Jitter     (TSJ):    0.071ns
    Total Input Jitter      (TIJ):    0.300ns
    Discrete Jitter          (DJ):    0.000ns
    Phase Error              (PE):    0.000ns

    Location             Delay type                Incr(ns)  Path(ns)    Netlist Resource(s)
  -------------------------------------------------------------------    -------------------
                         (clock clk_fpga_0 rise edge)
                                                      0.000     0.000 r  
    PS7_X0Y0             PS7                          0.000     0.000 r  ps_i/processing_system7_0/inst/PS7_i/FCLKCLK[0]
                         net (fo=1, routed)           0.994     0.994    ps_i/processing_system7_0/inst/FCLK_CLK_unbuffered[0]
    BUFGCTRL_X0Y16       BUFG (Prop_bufg_I_O)         0.085     1.079 r  ps_i/processing_system7_0/inst/buffer_fclk_clk_0.FCLK_CLK_0_BUFG/O
                         net (fo=7752, routed)        1.390     2.469    ps_i/rst_ps7_0_100M/U0/slowest_sync_clk
    SLICE_X42Y97         FDRE                                         r  ps_i/rst_ps7_0_100M/U0/ACTIVE_LOW_PR_OUT_DFF[0].FDRE_PER_N/C
  -------------------------------------------------------------------    -------------------
    SLICE_X42Y97         FDRE (Prop_fdre_C_Q)         0.433     2.902 r  ps_i/rst_ps7_0_100M/U0/ACTIVE_LOW_PR_OUT_DFF[0].FDRE_PER_N/Q
                         net (fo=12, routed)          2.907     5.809    ps_i/Counter_Core_0/inst/Counter_Core_v1_0_S_AXI_inst/s_axi_aresetn
    SLICE_X48Y34         LUT3 (Prop_lut3_I2_O)        0.105     5.914 f  ps_i/Counter_Core_0/inst/Counter_Core_v1_0_S_AXI_inst/sync[2]_i_1__1/O
                         net (fo=6, routed)           0.389     6.303    ps_i/Counter_Core_0/inst/counter_core_inst/u_ts_rst_ax/sync_reg[2]_1
    SLICE_X48Y32         FDCE                                         f  ps_i/Counter_Core_0/inst/counter_core_inst/u_ts_rst_ax/sync_reg[0]/CLR
  -------------------------------------------------------------------    -------------------

                         (clock clk_fpga_0 rise edge)
                                                     10.000    10.000 r  
    PS7_X0Y0             PS7                          0.000    10.000 r  ps_i/processing_system7_0/inst/PS7_i/FCLKCLK[0]
                         net (fo=1, routed)           0.905    10.906    ps_i/processing_system7_0/inst/FCLK_CLK_unbuffered[0]
    BUFGCTRL_X0Y16       BUFG (Prop_bufg_I_O)         0.077    10.983 r  ps_i/processing_system7_0/inst/buffer_fclk_clk_0.FCLK_CLK_0_BUFG/O
                         net (fo=7752, routed)        1.245    12.227    ps_i/Counter_Core_0/inst/counter_core_inst/u_ts_rst_ax/s_axi_aclk
    SLICE_X48Y32         FDCE                                         r  ps_i/Counter_Core_0/inst/counter_core_inst/u_ts_rst_ax/sync_reg[0]/C
                         clock pessimism              0.097    12.324    
                         clock uncertainty           -0.154    12.170    
    SLICE_X48Y32         FDCE (Recov_fdce_C_CLR)     -0.331    11.839    ps_i/Counter_Core_0/inst/counter_core_inst/u_ts_rst_ax/sync_reg[0]
  -------------------------------------------------------------------
                         required time                         11.839    
                         arrival time                          -6.303    
  -------------------------------------------------------------------
                         slack                                  5.536    

Slack (MET) :             5.536ns  (required time - arrival time)
  Source:                 ps_i/rst_ps7_0_100M/U0/ACTIVE_LOW_PR_OUT_DFF[0].FDRE_PER_N/C
                            (rising edge-triggered cell FDRE clocked by clk_fpga_0  {rise@0.000ns fall@5.000ns period=10.000ns})
  Destination:            ps_i/Counter_Core_0/inst/counter_core_inst/u_ts_rst_ax/sync_reg[1]/CLR
                            (recovery check against rising-edge clock clk_fpga_0  {rise@0.000ns fall@5.000ns period=10.000ns})
  Path Group:             **async_default**
  Path Type:              Recovery (Max at Slow Process Corner)
  Requirement:            10.000ns  (clk_fpga_0 rise@10.000ns - clk_fpga_0 rise@0.000ns)
  Data Path Delay:        3.834ns  (logic 0.538ns (14.034%)  route 3.296ns (85.966%))
  Logic Levels:           1  (LUT3=1)
  Clock Path Skew:        -0.145ns (DCD - SCD + CPR)
    Destination Clock Delay (DCD):    2.227ns = ( 12.227 - 10.000 ) 
    Source Clock Delay      (SCD):    2.469ns
    Clock Pessimism Removal (CPR):    0.097ns
  Clock Uncertainty:      0.154ns  ((TSJ^2 + TIJ^2)^1/2 + DJ) / 2 + PE
    Total System Jitter     (TSJ):    0.071ns
    Total Input Jitter      (TIJ):    0.300ns
    Discrete Jitter          (DJ):    0.000ns
    Phase Error              (PE):    0.000ns

    Location             Delay type                Incr(ns)  Path(ns)    Netlist Resource(s)
  -------------------------------------------------------------------    -------------------
                         (clock clk_fpga_0 rise edge)
                                                      0.000     0.000 r  
    PS7_X0Y0             PS7                          0.000     0.000 r  ps_i/processing_system7_0/inst/PS7_i/FCLKCLK[0]
                         net (fo=1, routed)           0.994     0.994    ps_i/processing_system7_0/inst/FCLK_CLK_unbuffered[0]
    BUFGCTRL_X0Y16       BUFG (Prop_bufg_I_O)         0.085     1.079 r  ps_i/processing_system7_0/inst/buffer_fclk_clk_0.FCLK_CLK_0_BUFG/O
                         net (fo=7752, routed)        1.390     2.469    ps_i/rst_ps7_0_100M/U0/slowest_sync_clk
    SLICE_X42Y97         FDRE                                         r  ps_i/rst_ps7_0_100M/U0/ACTIVE_LOW_PR_OUT_DFF[0].FDRE_PER_N/C
  -------------------------------------------------------------------    -------------------
    SLICE_X42Y97         FDRE (Prop_fdre_C_Q)         0.433     2.902 r  ps_i/rst_ps7_0_100M/U0/ACTIVE_LOW_PR_OUT_DFF[0].FDRE_PER_N/Q
                         net (fo=12, routed)          2.907     5.809    ps_i/Counter_Core_0/inst/Counter_Core_v1_0_S_AXI_inst/s_axi_aresetn
    SLICE_X48Y34         LUT3 (Prop_lut3_I2_O)        0.105     5.914 f  ps_i/Counter_Core_0/inst/Counter_Core_v1_0_S_AXI_inst/sync[2]_i_1__1/O
                         net (fo=6, routed)           0.389     6.303    ps_i/Counter_Core_0/inst/counter_core_inst/u_ts_rst_ax/sync_reg[2]_1
    SLICE_X48Y32         FDCE                                         f  ps_i/Counter_Core_0/inst/counter_core_inst/u_ts_rst_ax/sync_reg[1]/CLR
  -------------------------------------------------------------------    -------------------

                         (clock clk_fpga_0 rise edge)
                                                     10.000    10.000 r  
    PS7_X0Y0             PS7                          0.000    10.000 r  ps_i/processing_system7_0/inst/PS7_i/FCLKCLK[0]
                         net (fo=1, routed)           0.905    10.906    ps_i/processing_system7_0/inst/FCLK_CLK_unbuffered[0]
    BUFGCTRL_X0Y16       BUFG (Prop_bufg_I_O)         0.077    10.983 r  ps_i/processing_system7_0/inst/buffer_fclk_clk_0.FCLK_CLK_0_BUFG/O
                         net (fo=7752, routed)        1.245    12.227    ps_i/Counter_Core_0/inst/counter_core_inst/u_ts_rst_ax/s_axi_aclk
    SLICE_X48Y32         FDCE                                         r  ps_i/Counter_Core_0/inst/counter_core_inst/u_ts_rst_ax/sync_reg[1]/C
                         clock pessimism              0.097    12.324    
                         clock uncertainty           -0.154    12.170    
    SLICE_X48Y32         FDCE (Recov_fdce_C_CLR)     -0.331    11.839    ps_i/Counter_Core_0/inst/counter_core_inst/u_ts_rst_ax/sync_reg[1]
  -------------------------------------------------------------------
                         required time                         11.839    
                         arrival time                          -6.303    
  -------------------------------------------------------------------
                         slack                                  5.536    

Slack (MET) :             5.536ns  (required time - arrival time)
  Source:                 ps_i/rst_ps7_0_100M/U0/ACTIVE_LOW_PR_OUT_DFF[0].FDRE_PER_N/C
                            (rising edge-triggered cell FDRE clocked by clk_fpga_0  {rise@0.000ns fall@5.000ns period=10.000ns})
  Destination:            ps_i/Counter_Core_0/inst/counter_core_inst/u_ts_rst_ax/sync_reg[2]/CLR
                            (recovery check against rising-edge clock clk_fpga_0  {rise@0.000ns fall@5.000ns period=10.000ns})
  Path Group:             **async_default**
  Path Type:              Recovery (Max at Slow Process Corner)
  Requirement:            10.000ns  (clk_fpga_0 rise@10.000ns - clk_fpga_0 rise@0.000ns)
  Data Path Delay:        3.834ns  (logic 0.538ns (14.034%)  route 3.296ns (85.966%))
  Logic Levels:           1  (LUT3=1)
  Clock Path Skew:        -0.145ns (DCD - SCD + CPR)
    Destination Clock Delay (DCD):    2.227ns = ( 12.227 - 10.000 ) 
    Source Clock Delay      (SCD):    2.469ns
    Clock Pessimism Removal (CPR):    0.097ns
  Clock Uncertainty:      0.154ns  ((TSJ^2 + TIJ^2)^1/2 + DJ) / 2 + PE
    Total System Jitter     (TSJ):    0.071ns
    Total Input Jitter      (TIJ):    0.300ns
    Discrete Jitter          (DJ):    0.000ns
    Phase Error              (PE):    0.000ns

    Location             Delay type                Incr(ns)  Path(ns)    Netlist Resource(s)
  -------------------------------------------------------------------    -------------------
                         (clock clk_fpga_0 rise edge)
                                                      0.000     0.000 r  
    PS7_X0Y0             PS7                          0.000     0.000 r  ps_i/processing_system7_0/inst/PS7_i/FCLKCLK[0]
                         net (fo=1, routed)           0.994     0.994    ps_i/processing_system7_0/inst/FCLK_CLK_unbuffered[0]
    BUFGCTRL_X0Y16       BUFG (Prop_bufg_I_O)         0.085     1.079 r  ps_i/processing_system7_0/inst/buffer_fclk_clk_0.FCLK_CLK_0_BUFG/O
                         net (fo=7752, routed)        1.390     2.469    ps_i/rst_ps7_0_100M/U0/slowest_sync_clk
    SLICE_X42Y97         FDRE                                         r  ps_i/rst_ps7_0_100M/U0/ACTIVE_LOW_PR_OUT_DFF[0].FDRE_PER_N/C
  -------------------------------------------------------------------    -------------------
    SLICE_X42Y97         FDRE (Prop_fdre_C_Q)         0.433     2.902 r  ps_i/rst_ps7_0_100M/U0/ACTIVE_LOW_PR_OUT_DFF[0].FDRE_PER_N/Q
                         net (fo=12, routed)          2.907     5.809    ps_i/Counter_Core_0/inst/Counter_Core_v1_0_S_AXI_inst/s_axi_aresetn
    SLICE_X48Y34         LUT3 (Prop_lut3_I2_O)        0.105     5.914 f  ps_i/Counter_Core_0/inst/Counter_Core_v1_0_S_AXI_inst/sync[2]_i_1__1/O
                         net (fo=6, routed)           0.389     6.303    ps_i/Counter_Core_0/inst/counter_core_inst/u_ts_rst_ax/sync_reg[2]_1
    SLICE_X48Y32         FDCE                                         f  ps_i/Counter_Core_0/inst/counter_core_inst/u_ts_rst_ax/sync_reg[2]/CLR
  -------------------------------------------------------------------    -------------------

                         (clock clk_fpga_0 rise edge)
                                                     10.000    10.000 r  
    PS7_X0Y0             PS7                          0.000    10.000 r  ps_i/processing_system7_0/inst/PS7_i/FCLKCLK[0]
                         net (fo=1, routed)           0.905    10.906    ps_i/processing_system7_0/inst/FCLK_CLK_unbuffered[0]
    BUFGCTRL_X0Y16       BUFG (Prop_bufg_I_O)         0.077    10.983 r  ps_i/processing_system7_0/inst/buffer_fclk_clk_0.FCLK_CLK_0_BUFG/O
                         net (fo=7752, routed)        1.245    12.227    ps_i/Counter_Core_0/inst/counter_core_inst/u_ts_rst_ax/s_axi_aclk
    SLICE_X48Y32         FDCE                                         r  ps_i/Counter_Core_0/inst/counter_core_inst/u_ts_rst_ax/sync_reg[2]/C
                         clock pessimism              0.097    12.324    
                         clock uncertainty           -0.154    12.170    
    SLICE_X48Y32         FDCE (Recov_fdce_C_CLR)     -0.331    11.839    ps_i/Counter_Core_0/inst/counter_core_inst/u_ts_rst_ax/sync_reg[2]
  -------------------------------------------------------------------
                         required time                         11.839    
                         arrival time                          -6.303    
  -------------------------------------------------------------------
                         slack                                  5.536    





Min Delay Paths
--------------------------------------------------------------------------------------
Slack (MET) :             0.556ns  (arrival time - required time)
  Source:                 ps_i/Counter_Core_0/inst/Counter_Core_v1_0_S_AXI_inst/reg_ctrl_reg[3]/C
                            (rising edge-triggered cell FDRE clocked by clk_fpga_0  {rise@0.000ns fall@5.000ns period=10.000ns})
  Destination:            ps_i/Counter_Core_0/inst/counter_core_inst/u_ts_rst_ax/sync_reg[0]/CLR
                            (removal check against rising-edge clock clk_fpga_0  {rise@0.000ns fall@5.000ns period=10.000ns})
  Path Group:             **async_default**
  Path Type:              Removal (Min at Fast Process Corner)
  Requirement:            0.000ns  (clk_fpga_0 rise@0.000ns - clk_fpga_0 rise@0.000ns)
  Data Path Delay:        0.726ns  (logic 0.209ns (28.787%)  route 0.517ns (71.213%))
  Logic Levels:           1  (LUT3=1)
  Clock Path Skew:        0.262ns (DCD - SCD - CPR)
    Destination Clock Delay (DCD):    1.187ns
    Source Clock Delay      (SCD):    0.890ns
    Clock Pessimism Removal (CPR):    0.035ns

    Location             Delay type                Incr(ns)  Path(ns)    Netlist Resource(s)
  -------------------------------------------------------------------    -------------------
                         (clock clk_fpga_0 rise edge)
                                                      0.000     0.000 r  
    PS7_X0Y0             PS7                          0.000     0.000 r  ps_i/processing_system7_0/inst/PS7_i/FCLKCLK[0]
                         net (fo=1, routed)           0.310     0.310    ps_i/processing_system7_0/inst/FCLK_CLK_unbuffered[0]
    BUFGCTRL_X0Y16       BUFG (Prop_bufg_I_O)         0.026     0.336 r  ps_i/processing_system7_0/inst/buffer_fclk_clk_0.FCLK_CLK_0_BUFG/O
                         net (fo=7752, routed)        0.554     0.890    ps_i/Counter_Core_0/inst/Counter_Core_v1_0_S_AXI_inst/s_axi_aclk
    SLICE_X50Y35         FDRE                                         r  ps_i/Counter_Core_0/inst/Counter_Core_v1_0_S_AXI_inst/reg_ctrl_reg[3]/C
  -------------------------------------------------------------------    -------------------
    SLICE_X50Y35         FDRE (Prop_fdre_C_Q)         0.164     1.054 f  ps_i/Counter_Core_0/inst/Counter_Core_v1_0_S_AXI_inst/reg_ctrl_reg[3]/Q
                         net (fo=3, routed)           0.336     1.390    ps_i/Counter_Core_0/inst/Counter_Core_v1_0_S_AXI_inst/soft_rst
    SLICE_X48Y34         LUT3 (Prop_lut3_I1_O)        0.045     1.435 f  ps_i/Counter_Core_0/inst/Counter_Core_v1_0_S_AXI_inst/sync[2]_i_1__1/O
                         net (fo=6, routed)           0.181     1.616    ps_i/Counter_Core_0/inst/counter_core_inst/u_ts_rst_ax/sync_reg[2]_1
    SLICE_X48Y32         FDCE                                         f  ps_i/Counter_Core_0/inst/counter_core_inst/u_ts_rst_ax/sync_reg[0]/CLR
  -------------------------------------------------------------------    -------------------

                         (clock clk_fpga_0 rise edge)
                                                      0.000     0.000 r  
    PS7_X0Y0             PS7                          0.000     0.000 r  ps_i/processing_system7_0/inst/PS7_i/FCLKCLK[0]
                         net (fo=1, routed)           0.337     0.337    ps_i/processing_system7_0/inst/FCLK_CLK_unbuffered[0]
    BUFGCTRL_X0Y16       BUFG (Prop_bufg_I_O)         0.029     0.366 r  ps_i/processing_system7_0/inst/buffer_fclk_clk_0.FCLK_CLK_0_BUFG/O
                         net (fo=7752, routed)        0.821     1.187    ps_i/Counter_Core_0/inst/counter_core_inst/u_ts_rst_ax/s_axi_aclk
    SLICE_X48Y32         FDCE                                         r  ps_i/Counter_Core_0/inst/counter_core_inst/u_ts_rst_ax/sync_reg[0]/C
                         clock pessimism             -0.035     1.152    
    SLICE_X48Y32         FDCE (Remov_fdce_C_CLR)     -0.092     1.060    ps_i/Counter_Core_0/inst/counter_core_inst/u_ts_rst_ax/sync_reg[0]
  -------------------------------------------------------------------
                         required time                         -1.060    
                         arrival time                           1.616    
  -------------------------------------------------------------------
                         slack                                  0.556    

Slack (MET) :             0.556ns  (arrival time - required time)
  Source:                 ps_i/Counter_Core_0/inst/Counter_Core_v1_0_S_AXI_inst/reg_ctrl_reg[3]/C
                            (rising edge-triggered cell FDRE clocked by clk_fpga_0  {rise@0.000ns fall@5.000ns period=10.000ns})
  Destination:            ps_i/Counter_Core_0/inst/counter_core_inst/u_ts_rst_ax/sync_reg[1]/CLR
                            (removal check against rising-edge clock clk_fpga_0  {rise@0.000ns fall@5.000ns period=10.000ns})
  Path Group:             **async_default**
  Path Type:              Removal (Min at Fast Process Corner)
  Requirement:            0.000ns  (clk_fpga_0 rise@0.000ns - clk_fpga_0 rise@0.000ns)
  Data Path Delay:        0.726ns  (logic 0.209ns (28.787%)  route 0.517ns (71.213%))
  Logic Levels:           1  (LUT3=1)
  Clock Path Skew:        0.262ns (DCD - SCD - CPR)
    Destination Clock Delay (DCD):    1.187ns
    Source Clock Delay      (SCD):    0.890ns
    Clock Pessimism Removal (CPR):    0.035ns

    Location             Delay type                Incr(ns)  Path(ns)    Netlist Resource(s)
  -------------------------------------------------------------------    -------------------
                         (clock clk_fpga_0 rise edge)
                                                      0.000     0.000 r  
    PS7_X0Y0             PS7                          0.000     0.000 r  ps_i/processing_system7_0/inst/PS7_i/FCLKCLK[0]
                         net (fo=1, routed)           0.310     0.310    ps_i/processing_system7_0/inst/FCLK_CLK_unbuffered[0]
    BUFGCTRL_X0Y16       BUFG (Prop_bufg_I_O)         0.026     0.336 r  ps_i/processing_system7_0/inst/buffer_fclk_clk_0.FCLK_CLK_0_BUFG/O
                         net (fo=7752, routed)        0.554     0.890    ps_i/Counter_Core_0/inst/Counter_Core_v1_0_S_AXI_inst/s_axi_aclk
    SLICE_X50Y35         FDRE                                         r  ps_i/Counter_Core_0/inst/Counter_Core_v1_0_S_AXI_inst/reg_ctrl_reg[3]/C
  -------------------------------------------------------------------    -------------------
    SLICE_X50Y35         FDRE (Prop_fdre_C_Q)         0.164     1.054 f  ps_i/Counter_Core_0/inst/Counter_Core_v1_0_S_AXI_inst/reg_ctrl_reg[3]/Q
                         net (fo=3, routed)           0.336     1.390    ps_i/Counter_Core_0/inst/Counter_Core_v1_0_S_AXI_inst/soft_rst
    SLICE_X48Y34         LUT3 (Prop_lut3_I1_O)        0.045     1.435 f  ps_i/Counter_Core_0/inst/Counter_Core_v1_0_S_AXI_inst/sync[2]_i_1__1/O
                         net (fo=6, routed)           0.181     1.616    ps_i/Counter_Core_0/inst/counter_core_inst/u_ts_rst_ax/sync_reg[2]_1
    SLICE_X48Y32         FDCE                                         f  ps_i/Counter_Core_0/inst/counter_core_inst/u_ts_rst_ax/sync_reg[1]/CLR
  -------------------------------------------------------------------    -------------------

                         (clock clk_fpga_0 rise edge)
                                                      0.000     0.000 r  
    PS7_X0Y0             PS7                          0.000     0.000 r  ps_i/processing_system7_0/inst/PS7_i/FCLKCLK[0]
                         net (fo=1, routed)           0.337     0.337    ps_i/processing_system7_0/inst/FCLK_CLK_unbuffered[0]
    BUFGCTRL_X0Y16       BUFG (Prop_bufg_I_O)         0.029     0.366 r  ps_i/processing_system7_0/inst/buffer_fclk_clk_0.FCLK_CLK_0_BUFG/O
                         net (fo=7752, routed)        0.821     1.187    ps_i/Counter_Core_0/inst/counter_core_inst/u_ts_rst_ax/s_axi_aclk
    SLICE_X48Y32         FDCE                                         r  ps_i/Counter_Core_0/inst/counter_core_inst/u_ts_rst_ax/sync_reg[1]/C
                         clock pessimism             -0.035     1.152    
    SLICE_X48Y32         FDCE (Remov_fdce_C_CLR)     -0.092     1.060    ps_i/Counter_Core_0/inst/counter_core_inst/u_ts_rst_ax/sync_reg[1]
  -------------------------------------------------------------------
                         required time                         -1.060    
                         arrival time                           1.616    
  -------------------------------------------------------------------
                         slack                                  0.556    

Slack (MET) :             0.556ns  (arrival time - required time)
  Source:                 ps_i/Counter_Core_0/inst/Counter_Core_v1_0_S_AXI_inst/reg_ctrl_reg[3]/C
                            (rising edge-triggered cell FDRE clocked by clk_fpga_0  {rise@0.000ns fall@5.000ns period=10.000ns})
  Destination:            ps_i/Counter_Core_0/inst/counter_core_inst/u_ts_rst_ax/sync_reg[2]/CLR
                            (removal check against rising-edge clock clk_fpga_0  {rise@0.000ns fall@5.000ns period=10.000ns})
  Path Group:             **async_default**
  Path Type:              Removal (Min at Fast Process Corner)
  Requirement:            0.000ns  (clk_fpga_0 rise@0.000ns - clk_fpga_0 rise@0.000ns)
  Data Path Delay:        0.726ns  (logic 0.209ns (28.787%)  route 0.517ns (71.213%))
  Logic Levels:           1  (LUT3=1)
  Clock Path Skew:        0.262ns (DCD - SCD - CPR)
    Destination Clock Delay (DCD):    1.187ns
    Source Clock Delay      (SCD):    0.890ns
    Clock Pessimism Removal (CPR):    0.035ns

    Location             Delay type                Incr(ns)  Path(ns)    Netlist Resource(s)
  -------------------------------------------------------------------    -------------------
                         (clock clk_fpga_0 rise edge)
                                                      0.000     0.000 r  
    PS7_X0Y0             PS7                          0.000     0.000 r  ps_i/processing_system7_0/inst/PS7_i/FCLKCLK[0]
                         net (fo=1, routed)           0.310     0.310    ps_i/processing_system7_0/inst/FCLK_CLK_unbuffered[0]
    BUFGCTRL_X0Y16       BUFG (Prop_bufg_I_O)         0.026     0.336 r  ps_i/processing_system7_0/inst/buffer_fclk_clk_0.FCLK_CLK_0_BUFG/O
                         net (fo=7752, routed)        0.554     0.890    ps_i/Counter_Core_0/inst/Counter_Core_v1_0_S_AXI_inst/s_axi_aclk
    SLICE_X50Y35         FDRE                                         r  ps_i/Counter_Core_0/inst/Counter_Core_v1_0_S_AXI_inst/reg_ctrl_reg[3]/C
  -------------------------------------------------------------------    -------------------
    SLICE_X50Y35         FDRE (Prop_fdre_C_Q)         0.164     1.054 f  ps_i/Counter_Core_0/inst/Counter_Core_v1_0_S_AXI_inst/reg_ctrl_reg[3]/Q
                         net (fo=3, routed)           0.336     1.390    ps_i/Counter_Core_0/inst/Counter_Core_v1_0_S_AXI_inst/soft_rst
    SLICE_X48Y34         LUT3 (Prop_lut3_I1_O)        0.045     1.435 f  ps_i/Counter_Core_0/inst/Counter_Core_v1_0_S_AXI_inst/sync[2]_i_1__1/O
                         net (fo=6, routed)           0.181     1.616    ps_i/Counter_Core_0/inst/counter_core_inst/u_ts_rst_ax/sync_reg[2]_1
    SLICE_X48Y32         FDCE                                         f  ps_i/Counter_Core_0/inst/counter_core_inst/u_ts_rst_ax/sync_reg[2]/CLR
  -------------------------------------------------------------------    -------------------

                         (clock clk_fpga_0 rise edge)
                                                      0.000     0.000 r  
    PS7_X0Y0             PS7                          0.000     0.000 r  ps_i/processing_system7_0/inst/PS7_i/FCLKCLK[0]
                         net (fo=1, routed)           0.337     0.337    ps_i/processing_system7_0/inst/FCLK_CLK_unbuffered[0]
    BUFGCTRL_X0Y16       BUFG (Prop_bufg_I_O)         0.029     0.366 r  ps_i/processing_system7_0/inst/buffer_fclk_clk_0.FCLK_CLK_0_BUFG/O
                         net (fo=7752, routed)        0.821     1.187    ps_i/Counter_Core_0/inst/counter_core_inst/u_ts_rst_ax/s_axi_aclk
    SLICE_X48Y32         FDCE                                         r  ps_i/Counter_Core_0/inst/counter_core_inst/u_ts_rst_ax/sync_reg[2]/C
                         clock pessimism             -0.035     1.152    
    SLICE_X48Y32         FDCE (Remov_fdce_C_CLR)     -0.092     1.060    ps_i/Counter_Core_0/inst/counter_core_inst/u_ts_rst_ax/sync_reg[2]
  -------------------------------------------------------------------
                         required time                         -1.060    
                         arrival time                           1.616    
  -------------------------------------------------------------------
                         slack                                  0.556    

Slack (MET) :             0.998ns  (arrival time - required time)
  Source:                 ps_i/Counter_Core_0/inst/Counter_Core_v1_0_S_AXI_inst/reg_ctrl_reg[3]/C
                            (rising edge-triggered cell FDRE clocked by clk_fpga_0  {rise@0.000ns fall@5.000ns period=10.000ns})
  Destination:            ps_i/Counter_Core_0/inst/counter_core_inst/u_rst_ax/sync_reg[0]/CLR
                            (removal check against rising-edge clock clk_fpga_0  {rise@0.000ns fall@5.000ns period=10.000ns})
  Path Group:             **async_default**
  Path Type:              Removal (Min at Fast Process Corner)
  Requirement:            0.000ns  (clk_fpga_0 rise@0.000ns - clk_fpga_0 rise@0.000ns)
  Data Path Delay:        0.930ns  (logic 0.208ns (22.377%)  route 0.722ns (77.623%))
  Logic Levels:           1  (LUT2=1)
  Clock Path Skew:        0.061ns (DCD - SCD - CPR)
    Destination Clock Delay (DCD):    1.214ns
    Source Clock Delay      (SCD):    0.890ns
    Clock Pessimism Removal (CPR):    0.263ns

    Location             Delay type                Incr(ns)  Path(ns)    Netlist Resource(s)
  -------------------------------------------------------------------    -------------------
                         (clock clk_fpga_0 rise edge)
                                                      0.000     0.000 r  
    PS7_X0Y0             PS7                          0.000     0.000 r  ps_i/processing_system7_0/inst/PS7_i/FCLKCLK[0]
                         net (fo=1, routed)           0.310     0.310    ps_i/processing_system7_0/inst/FCLK_CLK_unbuffered[0]
    BUFGCTRL_X0Y16       BUFG (Prop_bufg_I_O)         0.026     0.336 r  ps_i/processing_system7_0/inst/buffer_fclk_clk_0.FCLK_CLK_0_BUFG/O
                         net (fo=7752, routed)        0.554     0.890    ps_i/Counter_Core_0/inst/Counter_Core_v1_0_S_AXI_inst/s_axi_aclk
    SLICE_X50Y35         FDRE                                         r  ps_i/Counter_Core_0/inst/Counter_Core_v1_0_S_AXI_inst/reg_ctrl_reg[3]/C
  -------------------------------------------------------------------    -------------------
    SLICE_X50Y35         FDRE (Prop_fdre_C_Q)         0.164     1.054 f  ps_i/Counter_Core_0/inst/Counter_Core_v1_0_S_AXI_inst/reg_ctrl_reg[3]/Q
                         net (fo=3, routed)           0.336     1.390    ps_i/Counter_Core_0/inst/Counter_Core_v1_0_S_AXI_inst/soft_rst
    SLICE_X48Y34         LUT2 (Prop_lut2_I0_O)        0.044     1.434 f  ps_i/Counter_Core_0/inst/Counter_Core_v1_0_S_AXI_inst/sync[2]_i_1__0/O
                         net (fo=9, routed)           0.385     1.819    ps_i/Counter_Core_0/inst/counter_core_inst/u_rst_ax/sync_reg[1]_0
    SLICE_X62Y36         FDCE                                         f  ps_i/Counter_Core_0/inst/counter_core_inst/u_rst_ax/sync_reg[0]/CLR
  -------------------------------------------------------------------    -------------------

                         (clock clk_fpga_0 rise edge)
                                                      0.000     0.000 r  
    PS7_X0Y0             PS7                          0.000     0.000 r  ps_i/processing_system7_0/inst/PS7_i/FCLKCLK[0]
                         net (fo=1, routed)           0.337     0.337    ps_i/processing_system7_0/inst/FCLK_CLK_unbuffered[0]
    BUFGCTRL_X0Y16       BUFG (Prop_bufg_I_O)         0.029     0.366 r  ps_i/processing_system7_0/inst/buffer_fclk_clk_0.FCLK_CLK_0_BUFG/O
                         net (fo=7752, routed)        0.848     1.214    ps_i/Counter_Core_0/inst/counter_core_inst/u_rst_ax/s_axi_aclk
    SLICE_X62Y36         FDCE                                         r  ps_i/Counter_Core_0/inst/counter_core_inst/u_rst_ax/sync_reg[0]/C
                         clock pessimism             -0.263     0.951    
    SLICE_X62Y36         FDCE (Remov_fdce_C_CLR)     -0.129     0.822    ps_i/Counter_Core_0/inst/counter_core_inst/u_rst_ax/sync_reg[0]
  -------------------------------------------------------------------
                         required time                         -0.822    
                         arrival time                           1.819    
  -------------------------------------------------------------------
                         slack                                  0.998    

Slack (MET) :             0.998ns  (arrival time - required time)
  Source:                 ps_i/Counter_Core_0/inst/Counter_Core_v1_0_S_AXI_inst/reg_ctrl_reg[3]/C
                            (rising edge-triggered cell FDRE clocked by clk_fpga_0  {rise@0.000ns fall@5.000ns period=10.000ns})
  Destination:            ps_i/Counter_Core_0/inst/counter_core_inst/u_rst_ax/sync_reg[1]/CLR
                            (removal check against rising-edge clock clk_fpga_0  {rise@0.000ns fall@5.000ns period=10.000ns})
  Path Group:             **async_default**
  Path Type:              Removal (Min at Fast Process Corner)
  Requirement:            0.000ns  (clk_fpga_0 rise@0.000ns - clk_fpga_0 rise@0.000ns)
  Data Path Delay:        0.930ns  (logic 0.208ns (22.377%)  route 0.722ns (77.623%))
  Logic Levels:           1  (LUT2=1)
  Clock Path Skew:        0.061ns (DCD - SCD - CPR)
    Destination Clock Delay (DCD):    1.214ns
    Source Clock Delay      (SCD):    0.890ns
    Clock Pessimism Removal (CPR):    0.263ns

    Location             Delay type                Incr(ns)  Path(ns)    Netlist Resource(s)
  -------------------------------------------------------------------    -------------------
                         (clock clk_fpga_0 rise edge)
                                                      0.000     0.000 r  
    PS7_X0Y0             PS7                          0.000     0.000 r  ps_i/processing_system7_0/inst/PS7_i/FCLKCLK[0]
                         net (fo=1, routed)           0.310     0.310    ps_i/processing_system7_0/inst/FCLK_CLK_unbuffered[0]
    BUFGCTRL_X0Y16       BUFG (Prop_bufg_I_O)         0.026     0.336 r  ps_i/processing_system7_0/inst/buffer_fclk_clk_0.FCLK_CLK_0_BUFG/O
                         net (fo=7752, routed)        0.554     0.890    ps_i/Counter_Core_0/inst/Counter_Core_v1_0_S_AXI_inst/s_axi_aclk
    SLICE_X50Y35         FDRE                                         r  ps_i/Counter_Core_0/inst/Counter_Core_v1_0_S_AXI_inst/reg_ctrl_reg[3]/C
  -------------------------------------------------------------------    -------------------
    SLICE_X50Y35         FDRE (Prop_fdre_C_Q)         0.164     1.054 f  ps_i/Counter_Core_0/inst/Counter_Core_v1_0_S_AXI_inst/reg_ctrl_reg[3]/Q
                         net (fo=3, routed)           0.336     1.390    ps_i/Counter_Core_0/inst/Counter_Core_v1_0_S_AXI_inst/soft_rst
    SLICE_X48Y34         LUT2 (Prop_lut2_I0_O)        0.044     1.434 f  ps_i/Counter_Core_0/inst/Counter_Core_v1_0_S_AXI_inst/sync[2]_i_1__0/O
                         net (fo=9, routed)           0.385     1.819    ps_i/Counter_Core_0/inst/counter_core_inst/u_rst_ax/sync_reg[1]_0
    SLICE_X62Y36         FDCE                                         f  ps_i/Counter_Core_0/inst/counter_core_inst/u_rst_ax/sync_reg[1]/CLR
  -------------------------------------------------------------------    -------------------

                         (clock clk_fpga_0 rise edge)
                                                      0.000     0.000 r  
    PS7_X0Y0             PS7                          0.000     0.000 r  ps_i/processing_system7_0/inst/PS7_i/FCLKCLK[0]
                         net (fo=1, routed)           0.337     0.337    ps_i/processing_system7_0/inst/FCLK_CLK_unbuffered[0]
    BUFGCTRL_X0Y16       BUFG (Prop_bufg_I_O)         0.029     0.366 r  ps_i/processing_system7_0/inst/buffer_fclk_clk_0.FCLK_CLK_0_BUFG/O
                         net (fo=7752, routed)        0.848     1.214    ps_i/Counter_Core_0/inst/counter_core_inst/u_rst_ax/s_axi_aclk
    SLICE_X62Y36         FDCE                                         r  ps_i/Counter_Core_0/inst/counter_core_inst/u_rst_ax/sync_reg[1]/C
                         clock pessimism             -0.263     0.951    
    SLICE_X62Y36         FDCE (Remov_fdce_C_CLR)     -0.129     0.822    ps_i/Counter_Core_0/inst/counter_core_inst/u_rst_ax/sync_reg[1]
  -------------------------------------------------------------------
                         required time                         -0.822    
                         arrival time                           1.819    
  -------------------------------------------------------------------
                         slack                                  0.998    

Slack (MET) :             0.998ns  (arrival time - required time)
  Source:                 ps_i/Counter_Core_0/inst/Counter_Core_v1_0_S_AXI_inst/reg_ctrl_reg[3]/C
                            (rising edge-triggered cell FDRE clocked by clk_fpga_0  {rise@0.000ns fall@5.000ns period=10.000ns})
  Destination:            ps_i/Counter_Core_0/inst/counter_core_inst/u_rst_ax/sync_reg[2]/CLR
                            (removal check against rising-edge clock clk_fpga_0  {rise@0.000ns fall@5.000ns period=10.000ns})
  Path Group:             **async_default**
  Path Type:              Removal (Min at Fast Process Corner)
  Requirement:            0.000ns  (clk_fpga_0 rise@0.000ns - clk_fpga_0 rise@0.000ns)
  Data Path Delay:        0.930ns  (logic 0.208ns (22.377%)  route 0.722ns (77.623%))
  Logic Levels:           1  (LUT2=1)
  Clock Path Skew:        0.061ns (DCD - SCD - CPR)
    Destination Clock Delay (DCD):    1.214ns
    Source Clock Delay      (SCD):    0.890ns
    Clock Pessimism Removal (CPR):    0.263ns

    Location             Delay type                Incr(ns)  Path(ns)    Netlist Resource(s)
  -------------------------------------------------------------------    -------------------
                         (clock clk_fpga_0 rise edge)
                                                      0.000     0.000 r  
    PS7_X0Y0             PS7                          0.000     0.000 r  ps_i/processing_system7_0/inst/PS7_i/FCLKCLK[0]
                         net (fo=1, routed)           0.310     0.310    ps_i/processing_system7_0/inst/FCLK_CLK_unbuffered[0]
    BUFGCTRL_X0Y16       BUFG (Prop_bufg_I_O)         0.026     0.336 r  ps_i/processing_system7_0/inst/buffer_fclk_clk_0.FCLK_CLK_0_BUFG/O
                         net (fo=7752, routed)        0.554     0.890    ps_i/Counter_Core_0/inst/Counter_Core_v1_0_S_AXI_inst/s_axi_aclk
    SLICE_X50Y35         FDRE                                         r  ps_i/Counter_Core_0/inst/Counter_Core_v1_0_S_AXI_inst/reg_ctrl_reg[3]/C
  -------------------------------------------------------------------    -------------------
    SLICE_X50Y35         FDRE (Prop_fdre_C_Q)         0.164     1.054 f  ps_i/Counter_Core_0/inst/Counter_Core_v1_0_S_AXI_inst/reg_ctrl_reg[3]/Q
                         net (fo=3, routed)           0.336     1.390    ps_i/Counter_Core_0/inst/Counter_Core_v1_0_S_AXI_inst/soft_rst
    SLICE_X48Y34         LUT2 (Prop_lut2_I0_O)        0.044     1.434 f  ps_i/Counter_Core_0/inst/Counter_Core_v1_0_S_AXI_inst/sync[2]_i_1__0/O
                         net (fo=9, routed)           0.385     1.819    ps_i/Counter_Core_0/inst/counter_core_inst/u_rst_ax/sync_reg[1]_0
    SLICE_X62Y36         FDCE                                         f  ps_i/Counter_Core_0/inst/counter_core_inst/u_rst_ax/sync_reg[2]/CLR
  -------------------------------------------------------------------    -------------------

                         (clock clk_fpga_0 rise edge)
                                                      0.000     0.000 r  
    PS7_X0Y0             PS7                          0.000     0.000 r  ps_i/processing_system7_0/inst/PS7_i/FCLKCLK[0]
                         net (fo=1, routed)           0.337     0.337    ps_i/processing_system7_0/inst/FCLK_CLK_unbuffered[0]
    BUFGCTRL_X0Y16       BUFG (Prop_bufg_I_O)         0.029     0.366 r  ps_i/processing_system7_0/inst/buffer_fclk_clk_0.FCLK_CLK_0_BUFG/O
                         net (fo=7752, routed)        0.848     1.214    ps_i/Counter_Core_0/inst/counter_core_inst/u_rst_ax/s_axi_aclk
    SLICE_X62Y36         FDCE                                         r  ps_i/Counter_Core_0/inst/counter_core_inst/u_rst_ax/sync_reg[2]/C
                         clock pessimism             -0.263     0.951    
    SLICE_X62Y36         FDCE (Remov_fdce_C_CLR)     -0.129     0.822    ps_i/Counter_Core_0/inst/counter_core_inst/u_rst_ax/sync_reg[2]
  -------------------------------------------------------------------
                         required time                         -0.822    
                         arrival time                           1.819    
  -------------------------------------------------------------------
                         slack                                  0.998    





